
> @radarboard/storybook@ build-storybook /Users/thedaviddias/Projects/radarboard/apps/storybook
> tsx scripts/generate-stories.ts && storybook build --config-dir .storybook -o dist --output-dir=/var/folders/ft/9wjr2qt96211kldqh6_qddl80000gn/T/chromatic--77150-Kz870vJd8Qck

{
  "createdCount": 1,
  "skippedCount": 18,
  "proxyCount": 0
}

[90m┌[39m  Building storybook v10.3.3
[90m│[39m
[32m◇[39m  Cleaning outputDir:
[90m│[39m  [36m../../../../../../var/folders/ft/9wjr2qt96211kldqh6_qddl80000gn/T/chromatic--77150-Kz870vJd8Qck[39m
[90m│[39m
[32m◇[39m  Loading presets
[90m│[39m
[32m◇[39m  Building manager..
[90m│[39m
[34m●[39m  Building preview..
[90m│[39m  [43mVite[49m [36mvite v7.3.1 [32mbuilding client environment for production...[36m[39m
[90m│[39m  [43mVite[49m transforming...
[90m│[39m
[33m▲[39m  [43mVite[49m
[90m│[39m  [33m../../node_modules/.pnpm/nuqs@2.8.9_next@16.2.1_@opentelemetry+api@1.9.0_@playwright+test@1.58.2_react-dom@19.2._d33cad389faec6bcf1861abfcf415f37/node_modules/nuqs/dist/adapters/next.js[39m
[90m│[39m  [33m(1:0): Module level directives cause errors when bundled, "use client"[39m
[90m│[39m  [33min[39m
[90m│[39m  [33m"../../node_modules/.pnpm/nuqs@2.8.9_next@16.2.1_@opentelemetry+api@1.9.0_@playwright+test@1.58.2_react-dom@19.2._d33cad389faec6bcf1861abfcf415f37/node_modules/nuqs/dist/adapters/next.js"[39m
[90m│[39m  [33mwas ignored.[39m
[90m│[39m
[33m▲[39m  [43mVite[49m [33m../../packages/widget-engine/src/widget-not-configured/index.tsx[39m
[90m│[39m  [33m(1:0): Error when using sourcemap for reporting an error: Can't[39m
[90m│[39m  [33mresolve original location of error.[39m
[90m│[39m
[33m▲[39m  [43mVite[49m [33m../../packages/widget-engine/src/widget-not-configured/index.tsx[39m
[90m│[39m  [33m(1:0): Module level directives cause errors when bundled, "use client"[39m
[90m│[39m  [33min "../../packages/widget-engine/src/widget-not-configured/index.tsx"[39m
[90m│[39m  [33mwas ignored.[39m
[90m│[39m
[33m▲[39m  [43mVite[49m [33m../../packages/ui/src/switch.tsx (1:0): Error when using[39m
[90m│[39m  [33msourcemap for reporting an error: Can't resolve original location of[39m
[90m│[39m  [33merror.[39m
[90m│[39m
[33m▲[39m  [43mVite[49m [33m../../packages/ui/src/switch.tsx (1:0): Module level directives[39m
[90m│[39m  [33mcause errors when bundled, "use client" in[39m
[90m│[39m  [33m"../../packages/ui/src/switch.tsx" was ignored.[39m
[90m│[39m
[33m▲[39m  [43mVite[49m [33m../../packages/ui/src/info-row/index.tsx (1:0): Error when using[39m
[90m│[39m  [33msourcemap for reporting an error: Can't resolve original location of[39m
[90m│[39m  [33merror.[39m
[90m│[39m
[33m▲[39m  [43mVite[49m [33m../../packages/ui/src/info-row/index.tsx (1:0): Module level[39m
[90m│[39m  [33mdirectives cause errors when bundled, "use client" in[39m
[90m│[39m  [33m"../../packages/ui/src/info-row/index.tsx" was ignored.[39m
[90m│[39m
[33m▲[39m  [43mVite[49m [33m../../packages/ui/src/app-dialog/index.tsx (1:0): Error when[39m
[90m│[39m  [33musing sourcemap for reporting an error: Can't resolve original[39m
[90m│[39m  [33mlocation of error.[39m
[90m│[39m
[33m▲[39m  [43mVite[49m [33m../../packages/ui/src/app-dialog/index.tsx (1:0): Module level[39m
[90m│[39m  [33mdirectives cause errors when bundled, "use client" in[39m
[90m│[39m  [33m"../../packages/ui/src/app-dialog/index.tsx" was ignored.[39m
[90m│[39m
[33m▲[39m  [43mVite[49m [33m../../packages/ui/src/separator/index.tsx (1:0): Error when using[39m
[90m│[39m  [33msourcemap for reporting an error: Can't resolve original location of[39m
[90m│[39m  [33merror.[39m
[90m│[39m
[33m▲[39m  [43mVite[49m [33m../../packages/ui/src/separator/index.tsx (1:0): Module level[39m
[90m│[39m  [33mdirectives cause errors when bundled, "use client" in[39m
[90m│[39m  [33m"../../packages/ui/src/separator/index.tsx" was ignored.[39m
[90m│[39m
[33m▲[39m  [43mVite[49m
[90m│[39m  [33m../../packages/widget-engine/src/components/summary-metric-cell/index.tsx[39m
[90m│[39m  [33m(1:0): Error when using sourcemap for reporting an error: Can't[39m
[90m│[39m  [33mresolve original location of error.[39m
[90m│[39m
[33m▲[39m  [43mVite[49m
[90m│[39m  [33m../../packages/widget-engine/src/components/summary-metric-cell/index.tsx[39m
[90m│[39m  [33m(1:0): Module level directives cause errors when bundled, "use client"[39m
[90m│[39m  [33min[39m
[90m│[39m  [33m"../../packages/widget-engine/src/components/summary-metric-cell/index.tsx"[39m
[90m│[39m  [33mwas ignored.[39m
[90m│[39m
[33m▲[39m  [43mVite[49m
[90m│[39m  [33m../../packages/widget-engine/src/components/compact-project-badge/index.tsx[39m
[90m│[39m  [33m(1:0): Error when using sourcemap for reporting an error: Can't[39m
[90m│[39m  [33mresolve original location of error.[39m
[90m│[39m
[33m▲[39m  [43mVite[49m
[90m│[39m  [33m../../packages/widget-engine/src/components/compact-project-badge/index.tsx[39m
[90m│[39m  [33m(1:0): Module level directives cause errors when bundled, "use client"[39m
[90m│[39m  [33min[39m
[90m│[39m  [33m"../../packages/widget-engine/src/components/compact-project-badge/index.tsx"[39m
[90m│[39m  [33mwas ignored.[39m
[90m│[39m
[33m▲[39m  [43mVite[49m [33m../../packages/ui/src/tabs/index.tsx (1:0): Error when using[39m
[90m│[39m  [33msourcemap for reporting an error: Can't resolve original location of[39m
[90m│[39m  [33merror.[39m
[90m│[39m
[33m▲[39m  [43mVite[49m [33m../../packages/ui/src/tabs/index.tsx (1:0): Module level[39m
[90m│[39m  [33mdirectives cause errors when bundled, "use client" in[39m
[90m│[39m  [33m"../../packages/ui/src/tabs/index.tsx" was ignored.[39m
[90m│[39m
[33m▲[39m  [43mVite[49m [33m../../packages/ui/src/tooltip/index.tsx (1:0): Error when using[39m
[90m│[39m  [33msourcemap for reporting an error: Can't resolve original location of[39m
[90m│[39m  [33merror.[39m
[90m│[39m
[33m▲[39m  [43mVite[49m [33m../../packages/ui/src/tooltip/index.tsx (1:0): Module level[39m
[90m│[39m  [33mdirectives cause errors when bundled, "use client" in[39m
[90m│[39m  [33m"../../packages/ui/src/tooltip/index.tsx" was ignored.[39m
[90m│[39m
[33m▲[39m  [43mVite[49m
[90m│[39m  [33m../../packages/widget-engine/src/components/inline-list-layout.tsx[39m
[90m│[39m  [33m(1:0): Error when using sourcemap for reporting an error: Can't[39m
[90m│[39m  [33mresolve original location of error.[39m
[90m│[39m
[33m▲[39m  [43mVite[49m
[90m│[39m  [33m../../packages/widget-engine/src/components/inline-list-layout.tsx[39m
[90m│[39m  [33m(1:0): Module level directives cause errors when bundled, "use client"[39m
[90m│[39m  [33min[39m
[90m│[39m  [33m"../../packages/widget-engine/src/components/inline-list-layout.tsx"[39m
[90m│[39m  [33mwas ignored.[39m
[90m│[39m
[33m▲[39m  [43mVite[49m [33m../../packages/ui/src/empty-state/index.tsx (1:0): Error when[39m
[90m│[39m  [33musing sourcemap for reporting an error: Can't resolve original[39m
[90m│[39m  [33mlocation of error.[39m
[90m│[39m
[33m▲[39m  [43mVite[49m [33m../../packages/ui/src/empty-state/index.tsx (1:0): Module level[39m
[90m│[39m  [33mdirectives cause errors when bundled, "use client" in[39m
[90m│[39m  [33m"../../packages/ui/src/empty-state/index.tsx" was ignored.[39m
[90m│[39m
[33m▲[39m  [43mVite[49m
[90m│[39m  [33m../../packages/widget-engine/src/components/headline-stat/index.tsx[39m
[90m│[39m  [33m(1:0): Error when using sourcemap for reporting an error: Can't[39m
[90m│[39m  [33mresolve original location of error.[39m
[90m│[39m
[33m▲[39m  [43mVite[49m
[90m│[39m  [33m../../packages/widget-engine/src/components/headline-stat/index.tsx[39m
[90m│[39m  [33m(1:0): Module level directives cause errors when bundled, "use client"[39m
[90m│[39m  [33min[39m
[90m│[39m  [33m"../../packages/widget-engine/src/components/headline-stat/index.tsx"[39m
[90m│[39m  [33mwas ignored.[39m
[90m│[39m
[33m▲[39m  [43mVite[49m
[90m│[39m  [33m../../packages/widget-engine/src/components/widget-segmented-tabs/index.tsx[39m
[90m│[39m  [33m(1:0): Error when using sourcemap for reporting an error: Can't[39m
[90m│[39m  [33mresolve original location of error.[39m
[90m│[39m
[33m▲[39m  [43mVite[49m
[90m│[39m  [33m../../packages/widget-engine/src/components/widget-segmented-tabs/index.tsx[39m
[90m│[39m  [33m(1:0): Module level directives cause errors when bundled, "use client"[39m
[90m│[39m  [33min[39m
[90m│[39m  [33m"../../packages/widget-engine/src/components/widget-segmented-tabs/index.tsx"[39m
[90m│[39m  [33mwas ignored.[39m
[90m│[39m
[33m▲[39m  [43mVite[49m [33m../../packages/ui/src/skeleton-shimmer/index.tsx (1:0): Error[39m
[90m│[39m  [33mwhen using sourcemap for reporting an error: Can't resolve original[39m
[90m│[39m  [33mlocation of error.[39m
[90m│[39m
[33m▲[39m  [43mVite[49m [33m../../packages/ui/src/skeleton-shimmer/index.tsx (1:0): Module[39m
[90m│[39m  [33mlevel directives cause errors when bundled, "use client" in[39m
[90m│[39m  [33m"../../packages/ui/src/skeleton-shimmer/index.tsx" was ignored.[39m
[90m│[39m
[33m▲[39m  [43mVite[49m [33m../../packages/ui/src/dialog/index.tsx (1:0): Error when using[39m
[90m│[39m  [33msourcemap for reporting an error: Can't resolve original location of[39m
[90m│[39m  [33merror.[39m
[90m│[39m
[33m▲[39m  [43mVite[49m [33m../../packages/ui/src/dialog/index.tsx (1:0): Module level[39m
[90m│[39m  [33mdirectives cause errors when bundled, "use client" in[39m
[90m│[39m  [33m"../../packages/ui/src/dialog/index.tsx" was ignored.[39m
[90m│[39m
[33m▲[39m  [43mVite[49m
[90m│[39m  [33m../../packages/widget-engine/src/templates/composition-catalog/example-data-sources.tsx[39m
[90m│[39m  [33m(1:0): Error when using sourcemap for reporting an error: Can't[39m
[90m│[39m  [33mresolve original location of error.[39m
[90m│[39m
[33m▲[39m  [43mVite[49m
[90m│[39m  [33m../../packages/widget-engine/src/templates/composition-catalog/example-data-sources.tsx[39m
[90m│[39m  [33m(1:0): Module level directives cause errors when bundled, "use client"[39m
[90m│[39m  [33min[39m
[90m│[39m  [33m"../../packages/widget-engine/src/templates/composition-catalog/example-data-sources.tsx"[39m
[90m│[39m  [33mwas ignored.[39m
[90m│[39m
[33m▲[39m  [43mVite[49m [33m../../packages/ui/src/select/index.tsx (1:0): Error when using[39m
[90m│[39m  [33msourcemap for reporting an error: Can't resolve original location of[39m
[90m│[39m  [33merror.[39m
[90m│[39m
[33m▲[39m  [43mVite[49m [33m../../packages/ui/src/select/index.tsx (1:0): Module level[39m
[90m│[39m  [33mdirectives cause errors when bundled, "use client" in[39m
[90m│[39m  [33m"../../packages/ui/src/select/index.tsx" was ignored.[39m
[90m│[39m
[33m▲[39m  [43mVite[49m
[90m│[39m  [33m../../packages/widget-engine/src/components/compact-activity-chart/index.tsx[39m
[90m│[39m  [33m(1:0): Error when using sourcemap for reporting an error: Can't[39m
[90m│[39m  [33mresolve original location of error.[39m
[90m│[39m
[33m▲[39m  [43mVite[49m
[90m│[39m  [33m../../packages/widget-engine/src/components/compact-activity-chart/index.tsx[39m
[90m│[39m  [33m(1:0): Module level directives cause errors when bundled, "use client"[39m
[90m│[39m  [33min[39m
[90m│[39m  [33m"../../packages/widget-engine/src/components/compact-activity-chart/index.tsx"[39m
[90m│[39m  [33mwas ignored.[39m
[90m│[39m
[33m▲[39m  [43mVite[49m
[90m│[39m  [33m../../packages/widget-engine/src/components/widget-table/index.tsx[39m
[90m│[39m  [33m(1:0): Error when using sourcemap for reporting an error: Can't[39m
[90m│[39m  [33mresolve original location of error.[39m
[90m│[39m
[33m▲[39m  [43mVite[49m
[90m│[39m  [33m../../packages/widget-engine/src/components/widget-table/index.tsx[39m
[90m│[39m  [33m(1:0): Module level directives cause errors when bundled, "use client"[39m
[90m│[39m  [33min[39m
[90m│[39m  [33m"../../packages/widget-engine/src/components/widget-table/index.tsx"[39m
[90m│[39m  [33mwas ignored.[39m
[90m│[39m
[33m▲[39m  [43mVite[49m
[90m│[39m  [33m../../packages/widget-engine/src/components/summary-quad-shell/index.tsx[39m
[90m│[39m  [33m(1:0): Error when using sourcemap for reporting an error: Can't[39m
[90m│[39m  [33mresolve original location of error.[39m
[90m│[39m
[33m▲[39m  [43mVite[49m
[90m│[39m  [33m../../packages/widget-engine/src/components/summary-quad-shell/index.tsx[39m
[90m│[39m  [33m(1:0): Module level directives cause errors when bundled, "use client"[39m
[90m│[39m  [33min[39m
[90m│[39m  [33m"../../packages/widget-engine/src/components/summary-quad-shell/index.tsx"[39m
[90m│[39m  [33mwas ignored.[39m
[90m│[39m
[33m▲[39m  [43mVite[49m [33m../app/components/dashboard/dashboard/standalone.tsx (1:0): Error[39m
[90m│[39m  [33mwhen using sourcemap for reporting an error: Can't resolve original[39m
[90m│[39m  [33mlocation of error.[39m
[90m│[39m
[33m▲[39m  [43mVite[49m [33m../app/components/dashboard/dashboard/standalone.tsx (1:0):[39m
[90m│[39m  [33mModule level directives cause errors when bundled, "use client" in[39m
[90m│[39m  [33m"../app/components/dashboard/dashboard/standalone.tsx" was ignored.[39m
[90m│[39m
[33m▲[39m  [43mVite[49m [33m../app/components/debug/plugin-sandbox/index.tsx (1:0): Error[39m
[90m│[39m  [33mwhen using sourcemap for reporting an error: Can't resolve original[39m
[90m│[39m  [33mlocation of error.[39m
[90m│[39m
[33m▲[39m  [43mVite[49m [33m../app/components/debug/plugin-sandbox/index.tsx (1:0): Module[39m
[90m│[39m  [33mlevel directives cause errors when bundled, "use client" in[39m
[90m│[39m  [33m"../app/components/debug/plugin-sandbox/index.tsx" was ignored.[39m
[90m│[39m
[33m▲[39m  [43mVite[49m [33m../app/components/dashboard/setup-wizard/index.tsx (1:0): Error[39m
[90m│[39m  [33mwhen using sourcemap for reporting an error: Can't resolve original[39m
[90m│[39m  [33mlocation of error.[39m
[90m│[39m
[33m▲[39m  [43mVite[49m [33m../app/components/dashboard/setup-wizard/index.tsx (1:0): Module[39m
[90m│[39m  [33mlevel directives cause errors when bundled, "use client" in[39m
[90m│[39m  [33m"../app/components/dashboard/setup-wizard/index.tsx" was ignored.[39m
[90m│[39m
[33m▲[39m  [43mVite[49m [33m../app/components/debug/widget-composition-gallery/index.tsx[39m
[90m│[39m  [33m(1:0): Error when using sourcemap for reporting an error: Can't[39m
[90m│[39m  [33mresolve original location of error.[39m
[90m│[39m
[33m▲[39m  [43mVite[49m [33m../app/components/debug/widget-composition-gallery/index.tsx[39m
[90m│[39m  [33m(1:0): Module level directives cause errors when bundled, "use client"[39m
[90m│[39m  [33min "../app/components/debug/widget-composition-gallery/index.tsx" was[39m
[90m│[39m  [33mignored.[39m
[90m│[39m
[33m▲[39m  [43mVite[49m [33m../app/components/debug/widget-sandbox/index.tsx (1:0): Error[39m
[90m│[39m  [33mwhen using sourcemap for reporting an error: Can't resolve original[39m
[90m│[39m  [33mlocation of error.[39m
[90m│[39m
[33m▲[39m  [43mVite[49m [33m../app/components/debug/widget-sandbox/index.tsx (1:0): Module[39m
[90m│[39m  [33mlevel directives cause errors when bundled, "use client" in[39m
[90m│[39m  [33m"../app/components/debug/widget-sandbox/index.tsx" was ignored.[39m
[90m│[39m
[33m▲[39m  [43mVite[49m [33m../app/components/debug/integration-sandbox/index.tsx (1:0):[39m
[90m│[39m  [33mError when using sourcemap for reporting an error: Can't resolve[39m
[90m│[39m  [33moriginal location of error.[39m
[90m│[39m
[33m▲[39m  [43mVite[49m [33m../app/components/debug/integration-sandbox/index.tsx (1:0):[39m
[90m│[39m  [33mModule level directives cause errors when bundled, "use client" in[39m
[90m│[39m  [33m"../app/components/debug/integration-sandbox/index.tsx" was ignored.[39m
[90m│[39m
[33m▲[39m  [43mVite[49m
[90m│[39m  [33m../../node_modules/.pnpm/@radix-ui+react-switch@1.2.6_@types+react-dom@19.2.3_@types+react@19.2.14__@types+react_e3738c514c10df2ef7e24af5ee461853/node_modules/@radix-ui/react-switch/dist/index.mjs[39m
[90m│[39m  [33m(1:0): Module level directives cause errors when bundled, "use client"[39m
[90m│[39m  [33min[39m
[90m│[39m  [33m"../../node_modules/.pnpm/@radix-ui+react-switch@1.2.6_@types+react-dom@19.2.3_@types+react@19.2.14__@types+react_e3738c514c10df2ef7e24af5ee461853/node_modules/@radix-ui/react-switch/dist/index.mjs"[39m
[90m│[39m  [33mwas ignored.[39m
[90m│[39m
[33m▲[39m  [43mVite[49m
[90m│[39m  [33m../../node_modules/.pnpm/@radix-ui+react-toggle-group@1.1.11_@types+react-dom@19.2.3_@types+react@19.2.14__@type_0c124bdbaa351e80a671757a596f81ce/node_modules/@radix-ui/react-toggle-group/dist/index.mjs[39m
[90m│[39m  [33m(1:0): Module level directives cause errors when bundled, "use client"[39m
[90m│[39m  [33min[39m
[90m│[39m  [33m"../../node_modules/.pnpm/@radix-ui+react-toggle-group@1.1.11_@types+react-dom@19.2.3_@types+react@19.2.14__@type_0c124bdbaa351e80a671757a596f81ce/node_modules/@radix-ui/react-toggle-group/dist/index.mjs"[39m
[90m│[39m  [33mwas ignored.[39m
[90m│[39m
[33m▲[39m  [43mVite[49m
[90m│[39m  [33m../../node_modules/.pnpm/@radix-ui+react-scroll-area@1.2.10_@types+react-dom@19.2.3_@types+react@19.2.14__@types_155614c2fe5222bb9b221068b09efefc/node_modules/@radix-ui/react-scroll-area/dist/index.mjs[39m
[90m│[39m  [33m(1:0): Module level directives cause errors when bundled, "use client"[39m
[90m│[39m  [33min[39m
[90m│[39m  [33m"../../node_modules/.pnpm/@radix-ui+react-scroll-area@1.2.10_@types+react-dom@19.2.3_@types+react@19.2.14__@types_155614c2fe5222bb9b221068b09efefc/node_modules/@radix-ui/react-scroll-area/dist/index.mjs"[39m
[90m│[39m  [33mwas ignored.[39m
[90m│[39m
[33m▲[39m  [43mVite[49m
[90m│[39m  [33m../../node_modules/.pnpm/@radix-ui+react-tabs@1.1.13_@types+react-dom@19.2.3_@types+react@19.2.14__@types+react@_2ad0945e3cb98dc5bbfaaf29c105e977/node_modules/@radix-ui/react-tabs/dist/index.mjs[39m
[90m│[39m  [33m(1:0): Module level directives cause errors when bundled, "use client"[39m
[90m│[39m  [33min[39m
[90m│[39m  [33m"../../node_modules/.pnpm/@radix-ui+react-tabs@1.1.13_@types+react-dom@19.2.3_@types+react@19.2.14__@types+react@_2ad0945e3cb98dc5bbfaaf29c105e977/node_modules/@radix-ui/react-tabs/dist/index.mjs"[39m
[90m│[39m  [33mwas ignored.[39m
[90m│[39m
[33m▲[39m  [43mVite[49m
[90m│[39m  [33m../../node_modules/.pnpm/@radix-ui+react-dialog@1.1.15_@types+react-dom@19.2.3_@types+react@19.2.14__@types+reac_779045218dc2799d336e7197abef9d38/node_modules/@radix-ui/react-dialog/dist/index.mjs[39m
[90m│[39m  [33m(1:0): Module level directives cause errors when bundled, "use client"[39m
[90m│[39m  [33min[39m
[90m│[39m  [33m"../../node_modules/.pnpm/@radix-ui+react-dialog@1.1.15_@types+react-dom@19.2.3_@types+react@19.2.14__@types+reac_779045218dc2799d336e7197abef9d38/node_modules/@radix-ui/react-dialog/dist/index.mjs"[39m
[90m│[39m  [33mwas ignored.[39m
[90m│[39m
[33m▲[39m  [43mVite[49m
[90m│[39m  [33m../../node_modules/.pnpm/@radix-ui+react-tooltip@1.2.8_@types+react-dom@19.2.3_@types+react@19.2.14__@types+reac_9074d9fb06315b089b2bee17c4c65951/node_modules/@radix-ui/react-tooltip/dist/index.mjs[39m
[90m│[39m  [33m(1:0): Module level directives cause errors when bundled, "use client"[39m
[90m│[39m  [33min[39m
[90m│[39m  [33m"../../node_modules/.pnpm/@radix-ui+react-tooltip@1.2.8_@types+react-dom@19.2.3_@types+react@19.2.14__@types+reac_9074d9fb06315b089b2bee17c4c65951/node_modules/@radix-ui/react-tooltip/dist/index.mjs"[39m
[90m│[39m  [33mwas ignored.[39m
[90m│[39m
[33m▲[39m  [43mVite[49m
[90m│[39m  [33m../../node_modules/.pnpm/@radix-ui+react-select@2.2.6_@types+react-dom@19.2.3_@types+react@19.2.14__@types+react_53894a32562cb9eeb6aef8b357a4f4e3/node_modules/@radix-ui/react-select/dist/index.mjs[39m
[90m│[39m  [33m(1:0): Module level directives cause errors when bundled, "use client"[39m
[90m│[39m  [33min[39m
[90m│[39m  [33m"../../node_modules/.pnpm/@radix-ui+react-select@2.2.6_@types+react-dom@19.2.3_@types+react@19.2.14__@types+react_53894a32562cb9eeb6aef8b357a4f4e3/node_modules/@radix-ui/react-select/dist/index.mjs"[39m
[90m│[39m  [33mwas ignored.[39m
[90m│[39m
[33m▲[39m  [43mVite[49m
[90m│[39m  [33m../../node_modules/.pnpm/nuqs@2.8.9_next@16.2.1_@babel+core@7.29.0_@opentelemetry+api@1.9.0_@playwright+test@1.5_196738105254b6e261e708a40bdc2581/node_modules/nuqs/dist/index.js[39m
[90m│[39m  [33m(1:0): Module level directives cause errors when bundled, "use client"[39m
[90m│[39m  [33min[39m
[90m│[39m  [33m"../../node_modules/.pnpm/nuqs@2.8.9_next@16.2.1_@babel+core@7.29.0_@opentelemetry+api@1.9.0_@playwright+test@1.5_196738105254b6e261e708a40bdc2581/node_modules/nuqs/dist/index.js"[39m
[90m│[39m  [33mwas ignored.[39m
[90m│[39m
[33m▲[39m  [43mVite[49m [33m../../packages/widget-engine/src/hooks/use-table-state.ts (1:0):[39m
[90m│[39m  [33mError when using sourcemap for reporting an error: Can't resolve[39m
[90m│[39m  [33moriginal location of error.[39m
[90m│[39m
[33m▲[39m  [43mVite[49m [33m../../packages/widget-engine/src/hooks/use-table-state.ts (1:0):[39m
[90m│[39m  [33mModule level directives cause errors when bundled, "use client" in[39m
[90m│[39m  [33m"../../packages/widget-engine/src/hooks/use-table-state.ts" was[39m
[90m│[39m  [33mignored.[39m
[90m│[39m
[33m▲[39m  [43mVite[49m
[90m│[39m  [33m../../packages/widget-engine/src/templates/section-renderer/index.tsx[39m
[90m│[39m  [33m(1:0): Error when using sourcemap for reporting an error: Can't[39m
[90m│[39m  [33mresolve original location of error.[39m
[90m│[39m
[33m▲[39m  [43mVite[49m
[90m│[39m  [33m../../packages/widget-engine/src/templates/section-renderer/index.tsx[39m
[90m│[39m  [33m(1:0): Module level directives cause errors when bundled, "use client"[39m
[90m│[39m  [33min[39m
[90m│[39m  [33m"../../packages/widget-engine/src/templates/section-renderer/index.tsx"[39m
[90m│[39m  [33mwas ignored.[39m
[90m│[39m
[33m▲[39m  [43mVite[49m
[90m│[39m  [33m../../packages/widget-engine/src/templates/template-widget/index.tsx[39m
[90m│[39m  [33m(1:0): Error when using sourcemap for reporting an error: Can't[39m
[90m│[39m  [33mresolve original location of error.[39m
[90m│[39m
[33m▲[39m  [43mVite[49m
[90m│[39m  [33m../../packages/widget-engine/src/templates/template-widget/index.tsx[39m
[90m│[39m  [33m(1:0): Module level directives cause errors when bundled, "use client"[39m
[90m│[39m  [33min[39m
[90m│[39m  [33m"../../packages/widget-engine/src/templates/template-widget/index.tsx"[39m
[90m│[39m  [33mwas ignored.[39m
[90m│[39m
[33m▲[39m  [43mVite[49m
[90m│[39m  [33m../../packages/widget-engine/src/templates/data-resolver/index.tsx[39m
[90m│[39m  [33m(1:0): Error when using sourcemap for reporting an error: Can't[39m
[90m│[39m  [33mresolve original location of error.[39m
[90m│[39m
[33m▲[39m  [43mVite[49m
[90m│[39m  [33m../../packages/widget-engine/src/templates/data-resolver/index.tsx[39m
[90m│[39m  [33m(1:0): Module level directives cause errors when bundled, "use client"[39m
[90m│[39m  [33min[39m
[90m│[39m  [33m"../../packages/widget-engine/src/templates/data-resolver/index.tsx"[39m
[90m│[39m  [33mwas ignored.[39m
[90m│[39m
[33m▲[39m  [43mVite[49m
[90m│[39m  [33m../../node_modules/.pnpm/@radix-ui+react-toggle@1.1.10_@types+react-dom@19.2.3_@types+react@19.2.14__@types+reac_63d136f11f5f79b42c1373b9162ffc86/node_modules/@radix-ui/react-toggle/dist/index.mjs[39m
[90m│[39m  [33m(1:0): Module level directives cause errors when bundled, "use client"[39m
[90m│[39m  [33min[39m
[90m│[39m  [33m"../../node_modules/.pnpm/@radix-ui+react-toggle@1.1.10_@types+react-dom@19.2.3_@types+react@19.2.14__@types+reac_63d136f11f5f79b42c1373b9162ffc86/node_modules/@radix-ui/react-toggle/dist/index.mjs"[39m
[90m│[39m  [33mwas ignored.[39m
[90m│[39m
[33m▲[39m  [43mVite[49m
[90m│[39m  [33m../../node_modules/.pnpm/@radix-ui+react-roving-focus@1.1.11_@types+react-dom@19.2.3_@types+react@19.2.14__@type_4eeb29c998b846c35358e2f929e7490e/node_modules/@radix-ui/react-roving-focus/dist/index.mjs[39m
[90m│[39m  [33m(1:0): Module level directives cause errors when bundled, "use client"[39m
[90m│[39m  [33min[39m
[90m│[39m  [33m"../../node_modules/.pnpm/@radix-ui+react-roving-focus@1.1.11_@types+react-dom@19.2.3_@types+react@19.2.14__@type_4eeb29c998b846c35358e2f929e7490e/node_modules/@radix-ui/react-roving-focus/dist/index.mjs"[39m
[90m│[39m  [33mwas ignored.[39m
[90m│[39m
[33m▲[39m  [43mVite[49m
[90m│[39m  [33m../../node_modules/.pnpm/@radix-ui+react-presence@1.1.5_@types+react-dom@19.2.3_@types+react@19.2.14__@types+rea_c01c26c80b5ab5e3ecefbda6eca51ad1/node_modules/@radix-ui/react-presence/dist/index.mjs[39m
[90m│[39m  [33m(1:0): Module level directives cause errors when bundled, "use client"[39m
[90m│[39m  [33min[39m
[90m│[39m  [33m"../../node_modules/.pnpm/@radix-ui+react-presence@1.1.5_@types+react-dom@19.2.3_@types+react@19.2.14__@types+rea_c01c26c80b5ab5e3ecefbda6eca51ad1/node_modules/@radix-ui/react-presence/dist/index.mjs"[39m
[90m│[39m  [33mwas ignored.[39m
[90m│[39m
[33m▲[39m  [43mVite[49m
[90m│[39m  [33m../../node_modules/.pnpm/@radix-ui+react-focus-guards@1.1.3_@types+react@19.2.14_react@19.2.4/node_modules/@radix-ui/react-focus-guards/dist/index.mjs[39m
[90m│[39m  [33m(1:0): Module level directives cause errors when bundled, "use client"[39m
[90m│[39m  [33min[39m
[90m│[39m  [33m"../../node_modules/.pnpm/@radix-ui+react-focus-guards@1.1.3_@types+react@19.2.14_react@19.2.4/node_modules/@radix-ui/react-focus-guards/dist/index.mjs"[39m
[90m│[39m  [33mwas ignored.[39m
[90m│[39m
[33m▲[39m  [43mVite[49m
[90m│[39m  [33m../../node_modules/.pnpm/@radix-ui+react-portal@1.1.9_@types+react-dom@19.2.3_@types+react@19.2.14__@types+react_7668895bec2444446faa4e0f4eb5244b/node_modules/@radix-ui/react-portal/dist/index.mjs[39m
[90m│[39m  [33m(1:0): Module level directives cause errors when bundled, "use client"[39m
[90m│[39m  [33min[39m
[90m│[39m  [33m"../../node_modules/.pnpm/@radix-ui+react-portal@1.1.9_@types+react-dom@19.2.3_@types+react@19.2.14__@types+react_7668895bec2444446faa4e0f4eb5244b/node_modules/@radix-ui/react-portal/dist/index.mjs"[39m
[90m│[39m  [33mwas ignored.[39m
[90m│[39m
[33m▲[39m  [43mVite[49m
[90m│[39m  [33m../../node_modules/.pnpm/@radix-ui+react-dismissable-layer@1.1.11_@types+react-dom@19.2.3_@types+react@19.2.14___3d3960154a4c07d09bb90cb341135fc5/node_modules/@radix-ui/react-dismissable-layer/dist/index.mjs[39m
[90m│[39m  [33m(1:0): Module level directives cause errors when bundled, "use client"[39m
[90m│[39m  [33min[39m
[90m│[39m  [33m"../../node_modules/.pnpm/@radix-ui+react-dismissable-layer@1.1.11_@types+react-dom@19.2.3_@types+react@19.2.14___3d3960154a4c07d09bb90cb341135fc5/node_modules/@radix-ui/react-dismissable-layer/dist/index.mjs"[39m
[90m│[39m  [33mwas ignored.[39m
[90m│[39m
[33m▲[39m  [43mVite[49m
[90m│[39m  [33m../../node_modules/.pnpm/@radix-ui+react-focus-scope@1.1.7_@types+react-dom@19.2.3_@types+react@19.2.14__@types+_f62f3af4ca2ba305a7aecf04c8534604/node_modules/@radix-ui/react-focus-scope/dist/index.mjs[39m
[90m│[39m  [33m(1:0): Module level directives cause errors when bundled, "use client"[39m
[90m│[39m  [33min[39m
[90m│[39m  [33m"../../node_modules/.pnpm/@radix-ui+react-focus-scope@1.1.7_@types+react-dom@19.2.3_@types+react@19.2.14__@types+_f62f3af4ca2ba305a7aecf04c8534604/node_modules/@radix-ui/react-focus-scope/dist/index.mjs"[39m
[90m│[39m  [33mwas ignored.[39m
[90m│[39m
[33m▲[39m  [43mVite[49m
[90m│[39m  [33m../../node_modules/.pnpm/@radix-ui+react-popper@1.2.8_@types+react-dom@19.2.3_@types+react@19.2.14__@types+react_13e0521d8aea7ebfbfb8bee1fb615c05/node_modules/@radix-ui/react-popper/dist/index.mjs[39m
[90m│[39m  [33m(1:0): Module level directives cause errors when bundled, "use client"[39m
[90m│[39m  [33min[39m
[90m│[39m  [33m"../../node_modules/.pnpm/@radix-ui+react-popper@1.2.8_@types+react-dom@19.2.3_@types+react@19.2.14__@types+react_13e0521d8aea7ebfbfb8bee1fb615c05/node_modules/@radix-ui/react-popper/dist/index.mjs"[39m
[90m│[39m  [33mwas ignored.[39m
[90m│[39m
[33m▲[39m  [43mVite[49m
[90m│[39m  [33m../../node_modules/.pnpm/@radix-ui+react-collection@1.1.7_@types+react-dom@19.2.3_@types+react@19.2.14__@types+r_161926fa2509d0b7370b60b8bb4eb8b0/node_modules/@radix-ui/react-collection/dist/index.mjs[39m
[90m│[39m  [33m(1:0): Module level directives cause errors when bundled, "use client"[39m
[90m│[39m  [33min[39m
[90m│[39m  [33m"../../node_modules/.pnpm/@radix-ui+react-collection@1.1.7_@types+react-dom@19.2.3_@types+react@19.2.14__@types+r_161926fa2509d0b7370b60b8bb4eb8b0/node_modules/@radix-ui/react-collection/dist/index.mjs"[39m
[90m│[39m  [33mwas ignored.[39m
[90m│[39m
[33m▲[39m  [43mVite[49m
[90m│[39m  [33m../../node_modules/.pnpm/framer-motion@12.38.0_react-dom@19.2.4_react@19.2.4__react@19.2.4/node_modules/framer-motion/dist/es/components/AnimatePresence/PresenceChild.mjs[39m
[90m│[39m  [33m(1:0): Module level directives cause errors when bundled, "use client"[39m
[90m│[39m  [33min[39m
[90m│[39m  [33m"../../node_modules/.pnpm/framer-motion@12.38.0_react-dom@19.2.4_react@19.2.4__react@19.2.4/node_modules/framer-motion/dist/es/components/AnimatePresence/PresenceChild.mjs"[39m
[90m│[39m  [33mwas ignored.[39m
[90m│[39m
[33m▲[39m  [43mVite[49m
[90m│[39m  [33m../../node_modules/.pnpm/framer-motion@12.38.0_react-dom@19.2.4_react@19.2.4__react@19.2.4/node_modules/framer-motion/dist/es/components/LayoutGroup/index.mjs[39m
[90m│[39m  [33m(1:0): Module level directives cause errors when bundled, "use client"[39m
[90m│[39m  [33min[39m
[90m│[39m  [33m"../../node_modules/.pnpm/framer-motion@12.38.0_react-dom@19.2.4_react@19.2.4__react@19.2.4/node_modules/framer-motion/dist/es/components/LayoutGroup/index.mjs"[39m
[90m│[39m  [33mwas ignored.[39m
[90m│[39m
[33m▲[39m  [43mVite[49m
[90m│[39m  [33m../../node_modules/.pnpm/framer-motion@12.38.0_react-dom@19.2.4_react@19.2.4__react@19.2.4/node_modules/framer-motion/dist/es/components/LazyMotion/index.mjs[39m
[90m│[39m  [33m(1:0): Module level directives cause errors when bundled, "use client"[39m
[90m│[39m  [33min[39m
[90m│[39m  [33m"../../node_modules/.pnpm/framer-motion@12.38.0_react-dom@19.2.4_react@19.2.4__react@19.2.4/node_modules/framer-motion/dist/es/components/LazyMotion/index.mjs"[39m
[90m│[39m  [33mwas ignored.[39m
[90m│[39m
[33m▲[39m  [43mVite[49m
[90m│[39m  [33m../../node_modules/.pnpm/framer-motion@12.38.0_react-dom@19.2.4_react@19.2.4__react@19.2.4/node_modules/framer-motion/dist/es/components/AnimatePresence/PopChild.mjs[39m
[90m│[39m  [33m(1:0): Module level directives cause errors when bundled, "use client"[39m
[90m│[39m  [33min[39m
[90m│[39m  [33m"../../node_modules/.pnpm/framer-motion@12.38.0_react-dom@19.2.4_react@19.2.4__react@19.2.4/node_modules/framer-motion/dist/es/components/AnimatePresence/PopChild.mjs"[39m
[90m│[39m  [33mwas ignored.[39m
[90m│[39m
[33m▲[39m  [43mVite[49m
[90m│[39m  [33m../../node_modules/.pnpm/framer-motion@12.38.0_react-dom@19.2.4_react@19.2.4__react@19.2.4/node_modules/framer-motion/dist/es/components/MotionConfig/index.mjs[39m
[90m│[39m  [33m(1:0): Module level directives cause errors when bundled, "use client"[39m
[90m│[39m  [33min[39m
[90m│[39m  [33m"../../node_modules/.pnpm/framer-motion@12.38.0_react-dom@19.2.4_react@19.2.4__react@19.2.4/node_modules/framer-motion/dist/es/components/MotionConfig/index.mjs"[39m
[90m│[39m  [33mwas ignored.[39m
[90m│[39m
[33m▲[39m  [43mVite[49m
[90m│[39m  [33m../../node_modules/.pnpm/framer-motion@12.38.0_react-dom@19.2.4_react@19.2.4__react@19.2.4/node_modules/framer-motion/dist/es/motion/utils/use-visual-state.mjs[39m
[90m│[39m  [33m(1:0): Module level directives cause errors when bundled, "use client"[39m
[90m│[39m  [33min[39m
[90m│[39m  [33m"../../node_modules/.pnpm/framer-motion@12.38.0_react-dom@19.2.4_react@19.2.4__react@19.2.4/node_modules/framer-motion/dist/es/motion/utils/use-visual-state.mjs"[39m
[90m│[39m  [33mwas ignored.[39m
[90m│[39m
[33m▲[39m  [43mVite[49m
[90m│[39m  [33m../../node_modules/.pnpm/framer-motion@12.38.0_react-dom@19.2.4_react@19.2.4__react@19.2.4/node_modules/framer-motion/dist/es/utils/use-isomorphic-effect.mjs[39m
[90m│[39m  [33m(1:0): Module level directives cause errors when bundled, "use client"[39m
[90m│[39m  [33min[39m
[90m│[39m  [33m"../../node_modules/.pnpm/framer-motion@12.38.0_react-dom@19.2.4_react@19.2.4__react@19.2.4/node_modules/framer-motion/dist/es/utils/use-isomorphic-effect.mjs"[39m
[90m│[39m  [33mwas ignored.[39m
[90m│[39m
[33m▲[39m  [43mVite[49m
[90m│[39m  [33m../../node_modules/.pnpm/framer-motion@12.38.0_react-dom@19.2.4_react@19.2.4__react@19.2.4/node_modules/framer-motion/dist/es/utils/use-force-update.mjs[39m
[90m│[39m  [33m(1:0): Module level directives cause errors when bundled, "use client"[39m
[90m│[39m  [33min[39m
[90m│[39m  [33m"../../node_modules/.pnpm/framer-motion@12.38.0_react-dom@19.2.4_react@19.2.4__react@19.2.4/node_modules/framer-motion/dist/es/utils/use-force-update.mjs"[39m
[90m│[39m  [33mwas ignored.[39m
[90m│[39m
[33m▲[39m  [43mVite[49m
[90m│[39m  [33m../../node_modules/.pnpm/framer-motion@12.38.0_react-dom@19.2.4_react@19.2.4__react@19.2.4/node_modules/framer-motion/dist/es/utils/use-unmount-effect.mjs[39m
[90m│[39m  [33m(1:0): Module level directives cause errors when bundled, "use client"[39m
[90m│[39m  [33min[39m
[90m│[39m  [33m"../../node_modules/.pnpm/framer-motion@12.38.0_react-dom@19.2.4_react@19.2.4__react@19.2.4/node_modules/framer-motion/dist/es/utils/use-unmount-effect.mjs"[39m
[90m│[39m  [33mwas ignored.[39m
[90m│[39m
[33m▲[39m  [43mVite[49m
[90m│[39m  [33m../../node_modules/.pnpm/framer-motion@12.38.0_react-dom@19.2.4_react@19.2.4__react@19.2.4/node_modules/framer-motion/dist/es/render/dom/features-animation.mjs[39m
[90m│[39m  [33m(1:0): Module level directives cause errors when bundled, "use client"[39m
[90m│[39m  [33min[39m
[90m│[39m  [33m"../../node_modules/.pnpm/framer-motion@12.38.0_react-dom@19.2.4_react@19.2.4__react@19.2.4/node_modules/framer-motion/dist/es/render/dom/features-animation.mjs"[39m
[90m│[39m  [33mwas ignored.[39m
[90m│[39m
[33m▲[39m  [43mVite[49m
[90m│[39m  [33m../../node_modules/.pnpm/framer-motion@12.38.0_react-dom@19.2.4_react@19.2.4__react@19.2.4/node_modules/framer-motion/dist/es/render/dom/features-max.mjs[39m
[90m│[39m  [33m(1:0): Module level directives cause errors when bundled, "use client"[39m
[90m│[39m  [33min[39m
[90m│[39m  [33m"../../node_modules/.pnpm/framer-motion@12.38.0_react-dom@19.2.4_react@19.2.4__react@19.2.4/node_modules/framer-motion/dist/es/render/dom/features-max.mjs"[39m
[90m│[39m  [33mwas ignored.[39m
[90m│[39m
[33m▲[39m  [43mVite[49m
[90m│[39m  [33m../../node_modules/.pnpm/framer-motion@12.38.0_react-dom@19.2.4_react@19.2.4__react@19.2.4/node_modules/framer-motion/dist/es/render/dom/features-min.mjs[39m
[90m│[39m  [33m(1:0): Module level directives cause errors when bundled, "use client"[39m
[90m│[39m  [33min[39m
[90m│[39m  [33m"../../node_modules/.pnpm/framer-motion@12.38.0_react-dom@19.2.4_react@19.2.4__react@19.2.4/node_modules/framer-motion/dist/es/render/dom/features-min.mjs"[39m
[90m│[39m  [33mwas ignored.[39m
[90m│[39m
[33m▲[39m  [43mVite[49m
[90m│[39m  [33m../../node_modules/.pnpm/framer-motion@12.38.0_react-dom@19.2.4_react@19.2.4__react@19.2.4/node_modules/framer-motion/dist/es/utils/use-motion-value-event.mjs[39m
[90m│[39m  [33m(1:0): Module level directives cause errors when bundled, "use client"[39m
[90m│[39m  [33min[39m
[90m│[39m  [33m"../../node_modules/.pnpm/framer-motion@12.38.0_react-dom@19.2.4_react@19.2.4__react@19.2.4/node_modules/framer-motion/dist/es/utils/use-motion-value-event.mjs"[39m
[90m│[39m  [33mwas ignored.[39m
[90m│[39m
[33m▲[39m  [43mVite[49m
[90m│[39m  [33m../../node_modules/.pnpm/framer-motion@12.38.0_react-dom@19.2.4_react@19.2.4__react@19.2.4/node_modules/framer-motion/dist/es/value/use-scroll.mjs[39m
[90m│[39m  [33m(1:0): Module level directives cause errors when bundled, "use client"[39m
[90m│[39m  [33min[39m
[90m│[39m  [33m"../../node_modules/.pnpm/framer-motion@12.38.0_react-dom@19.2.4_react@19.2.4__react@19.2.4/node_modules/framer-motion/dist/es/value/use-scroll.mjs"[39m
[90m│[39m  [33mwas ignored.[39m
[90m│[39m
[33m▲[39m  [43mVite[49m
[90m│[39m  [33m../../node_modules/.pnpm/framer-motion@12.38.0_react-dom@19.2.4_react@19.2.4__react@19.2.4/node_modules/framer-motion/dist/es/value/use-motion-template.mjs[39m
[90m│[39m  [33m(1:0): Module level directives cause errors when bundled, "use client"[39m
[90m│[39m  [33min[39m
[90m│[39m  [33m"../../node_modules/.pnpm/framer-motion@12.38.0_react-dom@19.2.4_react@19.2.4__react@19.2.4/node_modules/framer-motion/dist/es/value/use-motion-template.mjs"[39m
[90m│[39m  [33mwas ignored.[39m
[90m│[39m
[33m▲[39m  [43mVite[49m
[90m│[39m  [33m../../node_modules/.pnpm/framer-motion@12.38.0_react-dom@19.2.4_react@19.2.4__react@19.2.4/node_modules/framer-motion/dist/es/value/use-motion-value.mjs[39m
[90m│[39m  [33m(1:0): Module level directives cause errors when bundled, "use client"[39m
[90m│[39m  [33min[39m
[90m│[39m  [33m"../../node_modules/.pnpm/framer-motion@12.38.0_react-dom@19.2.4_react@19.2.4__react@19.2.4/node_modules/framer-motion/dist/es/value/use-motion-value.mjs"[39m
[90m│[39m  [33mwas ignored.[39m
[90m│[39m
[33m▲[39m  [43mVite[49m
[90m│[39m  [33m../../node_modules/.pnpm/framer-motion@12.38.0_react-dom@19.2.4_react@19.2.4__react@19.2.4/node_modules/framer-motion/dist/es/value/use-spring.mjs[39m
[90m│[39m  [33m(1:0): Module level directives cause errors when bundled, "use client"[39m
[90m│[39m  [33min[39m
[90m│[39m  [33m"../../node_modules/.pnpm/framer-motion@12.38.0_react-dom@19.2.4_react@19.2.4__react@19.2.4/node_modules/framer-motion/dist/es/value/use-spring.mjs"[39m
[90m│[39m  [33mwas ignored.[39m
[90m│[39m
[33m▲[39m  [43mVite[49m
[90m│[39m  [33m../../node_modules/.pnpm/framer-motion@12.38.0_react-dom@19.2.4_react@19.2.4__react@19.2.4/node_modules/framer-motion/dist/es/value/use-follow-value.mjs[39m
[90m│[39m  [33m(1:0): Module level directives cause errors when bundled, "use client"[39m
[90m│[39m  [33min[39m
[90m│[39m  [33m"../../node_modules/.pnpm/framer-motion@12.38.0_react-dom@19.2.4_react@19.2.4__react@19.2.4/node_modules/framer-motion/dist/es/value/use-follow-value.mjs"[39m
[90m│[39m  [33mwas ignored.[39m
[90m│[39m
[33m▲[39m  [43mVite[49m
[90m│[39m  [33m../../node_modules/.pnpm/framer-motion@12.38.0_react-dom@19.2.4_react@19.2.4__react@19.2.4/node_modules/framer-motion/dist/es/value/use-will-change/index.mjs[39m
[90m│[39m  [33m(1:0): Module level directives cause errors when bundled, "use client"[39m
[90m│[39m  [33min[39m
[90m│[39m  [33m"../../node_modules/.pnpm/framer-motion@12.38.0_react-dom@19.2.4_react@19.2.4__react@19.2.4/node_modules/framer-motion/dist/es/value/use-will-change/index.mjs"[39m
[90m│[39m  [33mwas ignored.[39m
[90m│[39m
[33m▲[39m  [43mVite[49m
[90m│[39m  [33m../../node_modules/.pnpm/framer-motion@12.38.0_react-dom@19.2.4_react@19.2.4__react@19.2.4/node_modules/framer-motion/dist/es/value/use-time.mjs[39m
[90m│[39m  [33m(1:0): Module level directives cause errors when bundled, "use client"[39m
[90m│[39m  [33min[39m
[90m│[39m  [33m"../../node_modules/.pnpm/framer-motion@12.38.0_react-dom@19.2.4_react@19.2.4__react@19.2.4/node_modules/framer-motion/dist/es/value/use-time.mjs"[39m
[90m│[39m  [33mwas ignored.[39m
[90m│[39m
[33m▲[39m  [43mVite[49m
[90m│[39m  [33m../../node_modules/.pnpm/framer-motion@12.38.0_react-dom@19.2.4_react@19.2.4__react@19.2.4/node_modules/framer-motion/dist/es/value/use-velocity.mjs[39m
[90m│[39m  [33m(1:0): Module level directives cause errors when bundled, "use client"[39m
[90m│[39m  [33min[39m
[90m│[39m  [33m"../../node_modules/.pnpm/framer-motion@12.38.0_react-dom@19.2.4_react@19.2.4__react@19.2.4/node_modules/framer-motion/dist/es/value/use-velocity.mjs"[39m
[90m│[39m  [33mwas ignored.[39m
[90m│[39m
[33m▲[39m  [43mVite[49m
[90m│[39m  [33m../../node_modules/.pnpm/framer-motion@12.38.0_react-dom@19.2.4_react@19.2.4__react@19.2.4/node_modules/framer-motion/dist/es/value/use-transform.mjs[39m
[90m│[39m  [33m(1:0): Module level directives cause errors when bundled, "use client"[39m
[90m│[39m  [33min[39m
[90m│[39m  [33m"../../node_modules/.pnpm/framer-motion@12.38.0_react-dom@19.2.4_react@19.2.4__react@19.2.4/node_modules/framer-motion/dist/es/value/use-transform.mjs"[39m
[90m│[39m  [33mwas ignored.[39m
[90m│[39m
[33m▲[39m  [43mVite[49m
[90m│[39m  [33m../../node_modules/.pnpm/framer-motion@12.38.0_react-dom@19.2.4_react@19.2.4__react@19.2.4/node_modules/framer-motion/dist/es/utils/reduced-motion/use-reduced-motion-config.mjs[39m
[90m│[39m  [33m(1:0): Module level directives cause errors when bundled, "use client"[39m
[90m│[39m  [33min[39m
[90m│[39m  [33m"../../node_modules/.pnpm/framer-motion@12.38.0_react-dom@19.2.4_react@19.2.4__react@19.2.4/node_modules/framer-motion/dist/es/utils/reduced-motion/use-reduced-motion-config.mjs"[39m
[90m│[39m  [33mwas ignored.[39m
[90m│[39m
[33m▲[39m  [43mVite[49m
[90m│[39m  [33m../../node_modules/.pnpm/framer-motion@12.38.0_react-dom@19.2.4_react@19.2.4__react@19.2.4/node_modules/framer-motion/dist/es/animation/hooks/use-animate.mjs[39m
[90m│[39m  [33m(1:0): Module level directives cause errors when bundled, "use client"[39m
[90m│[39m  [33min[39m
[90m│[39m  [33m"../../node_modules/.pnpm/framer-motion@12.38.0_react-dom@19.2.4_react@19.2.4__react@19.2.4/node_modules/framer-motion/dist/es/animation/hooks/use-animate.mjs"[39m
[90m│[39m  [33mwas ignored.[39m
[90m│[39m
[33m▲[39m  [43mVite[49m
[90m│[39m  [33m../../node_modules/.pnpm/framer-motion@12.38.0_react-dom@19.2.4_react@19.2.4__react@19.2.4/node_modules/framer-motion/dist/es/components/AnimatePresence/use-presence.mjs[39m
[90m│[39m  [33m(1:0): Module level directives cause errors when bundled, "use client"[39m
[90m│[39m  [33min[39m
[90m│[39m  [33m"../../node_modules/.pnpm/framer-motion@12.38.0_react-dom@19.2.4_react@19.2.4__react@19.2.4/node_modules/framer-motion/dist/es/components/AnimatePresence/use-presence.mjs"[39m
[90m│[39m  [33mwas ignored.[39m
[90m│[39m
[33m▲[39m  [43mVite[49m
[90m│[39m  [33m../../node_modules/.pnpm/framer-motion@12.38.0_react-dom@19.2.4_react@19.2.4__react@19.2.4/node_modules/framer-motion/dist/es/animation/hooks/use-animation.mjs[39m
[90m│[39m  [33m(1:0): Module level directives cause errors when bundled, "use client"[39m
[90m│[39m  [33min[39m
[90m│[39m  [33m"../../node_modules/.pnpm/framer-motion@12.38.0_react-dom@19.2.4_react@19.2.4__react@19.2.4/node_modules/framer-motion/dist/es/animation/hooks/use-animation.mjs"[39m
[90m│[39m  [33mwas ignored.[39m
[90m│[39m
[33m▲[39m  [43mVite[49m
[90m│[39m  [33m../../node_modules/.pnpm/framer-motion@12.38.0_react-dom@19.2.4_react@19.2.4__react@19.2.4/node_modules/framer-motion/dist/es/components/AnimatePresence/use-presence-data.mjs[39m
[90m│[39m  [33m(1:0): Module level directives cause errors when bundled, "use client"[39m
[90m│[39m  [33min[39m
[90m│[39m  [33m"../../node_modules/.pnpm/framer-motion@12.38.0_react-dom@19.2.4_react@19.2.4__react@19.2.4/node_modules/framer-motion/dist/es/components/AnimatePresence/use-presence-data.mjs"[39m
[90m│[39m  [33mwas ignored.[39m
[90m│[39m
[33m▲[39m  [43mVite[49m
[90m│[39m  [33m../../node_modules/.pnpm/framer-motion@12.38.0_react-dom@19.2.4_react@19.2.4__react@19.2.4/node_modules/framer-motion/dist/es/events/use-dom-event.mjs[39m
[90m│[39m  [33m(1:0): Module level directives cause errors when bundled, "use client"[39m
[90m│[39m  [33min[39m
[90m│[39m  [33m"../../node_modules/.pnpm/framer-motion@12.38.0_react-dom@19.2.4_react@19.2.4__react@19.2.4/node_modules/framer-motion/dist/es/events/use-dom-event.mjs"[39m
[90m│[39m  [33mwas ignored.[39m
[90m│[39m
[33m▲[39m  [43mVite[49m
[90m│[39m  [33m../../node_modules/.pnpm/framer-motion@12.38.0_react-dom@19.2.4_react@19.2.4__react@19.2.4/node_modules/framer-motion/dist/es/animation/hooks/use-animate-style.mjs[39m
[90m│[39m  [33m(1:0): Module level directives cause errors when bundled, "use client"[39m
[90m│[39m  [33min[39m
[90m│[39m  [33m"../../node_modules/.pnpm/framer-motion@12.38.0_react-dom@19.2.4_react@19.2.4__react@19.2.4/node_modules/framer-motion/dist/es/animation/hooks/use-animate-style.mjs"[39m
[90m│[39m  [33mwas ignored.[39m
[90m│[39m
[33m▲[39m  [43mVite[49m
[90m│[39m  [33m../../node_modules/.pnpm/framer-motion@12.38.0_react-dom@19.2.4_react@19.2.4__react@19.2.4/node_modules/framer-motion/dist/es/utils/use-in-view.mjs[39m
[90m│[39m  [33m(1:0): Module level directives cause errors when bundled, "use client"[39m
[90m│[39m  [33min[39m
[90m│[39m  [33m"../../node_modules/.pnpm/framer-motion@12.38.0_react-dom@19.2.4_react@19.2.4__react@19.2.4/node_modules/framer-motion/dist/es/utils/use-in-view.mjs"[39m
[90m│[39m  [33mwas ignored.[39m
[90m│[39m
[33m▲[39m  [43mVite[49m
[90m│[39m  [33m../../node_modules/.pnpm/framer-motion@12.38.0_react-dom@19.2.4_react@19.2.4__react@19.2.4/node_modules/framer-motion/dist/es/utils/use-animation-frame.mjs[39m
[90m│[39m  [33m(1:0): Module level directives cause errors when bundled, "use client"[39m
[90m│[39m  [33min[39m
[90m│[39m  [33m"../../node_modules/.pnpm/framer-motion@12.38.0_react-dom@19.2.4_react@19.2.4__react@19.2.4/node_modules/framer-motion/dist/es/utils/use-animation-frame.mjs"[39m
[90m│[39m  [33mwas ignored.[39m
[90m│[39m
[33m▲[39m  [43mVite[49m
[90m│[39m  [33m../../node_modules/.pnpm/framer-motion@12.38.0_react-dom@19.2.4_react@19.2.4__react@19.2.4/node_modules/framer-motion/dist/es/utils/use-cycle.mjs[39m
[90m│[39m  [33m(1:0): Module level directives cause errors when bundled, "use client"[39m
[90m│[39m  [33min[39m
[90m│[39m  [33m"../../node_modules/.pnpm/framer-motion@12.38.0_react-dom@19.2.4_react@19.2.4__react@19.2.4/node_modules/framer-motion/dist/es/utils/use-cycle.mjs"[39m
[90m│[39m  [33mwas ignored.[39m
[90m│[39m
[33m▲[39m  [43mVite[49m
[90m│[39m  [33m../../node_modules/.pnpm/framer-motion@12.38.0_react-dom@19.2.4_react@19.2.4__react@19.2.4/node_modules/framer-motion/dist/es/utils/use-page-in-view.mjs[39m
[90m│[39m  [33m(1:0): Module level directives cause errors when bundled, "use client"[39m
[90m│[39m  [33min[39m
[90m│[39m  [33m"../../node_modules/.pnpm/framer-motion@12.38.0_react-dom@19.2.4_react@19.2.4__react@19.2.4/node_modules/framer-motion/dist/es/utils/use-page-in-view.mjs"[39m
[90m│[39m  [33mwas ignored.[39m
[90m│[39m
[33m▲[39m  [43mVite[49m
[90m│[39m  [33m../../node_modules/.pnpm/framer-motion@12.38.0_react-dom@19.2.4_react@19.2.4__react@19.2.4/node_modules/framer-motion/dist/es/utils/use-instant-transition.mjs[39m
[90m│[39m  [33m(1:0): Module level directives cause errors when bundled, "use client"[39m
[90m│[39m  [33min[39m
[90m│[39m  [33m"../../node_modules/.pnpm/framer-motion@12.38.0_react-dom@19.2.4_react@19.2.4__react@19.2.4/node_modules/framer-motion/dist/es/utils/use-instant-transition.mjs"[39m
[90m│[39m  [33mwas ignored.[39m
[90m│[39m
[33m▲[39m  [43mVite[49m
[90m│[39m  [33m../../node_modules/.pnpm/framer-motion@12.38.0_react-dom@19.2.4_react@19.2.4__react@19.2.4/node_modules/framer-motion/dist/es/context/LayoutGroupContext.mjs[39m
[90m│[39m  [33m(1:0): Module level directives cause errors when bundled, "use client"[39m
[90m│[39m  [33min[39m
[90m│[39m  [33m"../../node_modules/.pnpm/framer-motion@12.38.0_react-dom@19.2.4_react@19.2.4__react@19.2.4/node_modules/framer-motion/dist/es/context/LayoutGroupContext.mjs"[39m
[90m│[39m  [33mwas ignored.[39m
[90m│[39m
[33m▲[39m  [43mVite[49m
[90m│[39m  [33m../../node_modules/.pnpm/framer-motion@12.38.0_react-dom@19.2.4_react@19.2.4__react@19.2.4/node_modules/framer-motion/dist/es/context/MotionConfigContext.mjs[39m
[90m│[39m  [33m(1:0): Module level directives cause errors when bundled, "use client"[39m
[90m│[39m  [33min[39m
[90m│[39m  [33m"../../node_modules/.pnpm/framer-motion@12.38.0_react-dom@19.2.4_react@19.2.4__react@19.2.4/node_modules/framer-motion/dist/es/context/MotionConfigContext.mjs"[39m
[90m│[39m  [33mwas ignored.[39m
[90m│[39m
[33m▲[39m  [43mVite[49m
[90m│[39m  [33m../../node_modules/.pnpm/framer-motion@12.38.0_react-dom@19.2.4_react@19.2.4__react@19.2.4/node_modules/framer-motion/dist/es/context/PresenceContext.mjs[39m
[90m│[39m  [33m(1:0): Module level directives cause errors when bundled, "use client"[39m
[90m│[39m  [33min[39m
[90m│[39m  [33m"../../node_modules/.pnpm/framer-motion@12.38.0_react-dom@19.2.4_react@19.2.4__react@19.2.4/node_modules/framer-motion/dist/es/context/PresenceContext.mjs"[39m
[90m│[39m  [33mwas ignored.[39m
[90m│[39m
[33m▲[39m  [43mVite[49m
[90m│[39m  [33m../../node_modules/.pnpm/framer-motion@12.38.0_react-dom@19.2.4_react@19.2.4__react@19.2.4/node_modules/framer-motion/dist/es/context/SwitchLayoutGroupContext.mjs[39m
[90m│[39m  [33m(1:0): Module level directives cause errors when bundled, "use client"[39m
[90m│[39m  [33min[39m
[90m│[39m  [33m"../../node_modules/.pnpm/framer-motion@12.38.0_react-dom@19.2.4_react@19.2.4__react@19.2.4/node_modules/framer-motion/dist/es/context/SwitchLayoutGroupContext.mjs"[39m
[90m│[39m  [33mwas ignored.[39m
[90m│[39m
[33m▲[39m  [43mVite[49m
[90m│[39m  [33m../../node_modules/.pnpm/framer-motion@12.38.0_react-dom@19.2.4_react@19.2.4__react@19.2.4/node_modules/framer-motion/dist/es/context/MotionContext/index.mjs[39m
[90m│[39m  [33m(1:0): Module level directives cause errors when bundled, "use client"[39m
[90m│[39m  [33min[39m
[90m│[39m  [33m"../../node_modules/.pnpm/framer-motion@12.38.0_react-dom@19.2.4_react@19.2.4__react@19.2.4/node_modules/framer-motion/dist/es/context/MotionContext/index.mjs"[39m
[90m│[39m  [33mwas ignored.[39m
[90m│[39m
[33m▲[39m  [43mVite[49m
[90m│[39m  [33m../../node_modules/.pnpm/framer-motion@12.38.0_react-dom@19.2.4_react@19.2.4__react@19.2.4/node_modules/framer-motion/dist/es/animation/hooks/use-animated-state.mjs[39m
[90m│[39m  [33m(1:0): Module level directives cause errors when bundled, "use client"[39m
[90m│[39m  [33min[39m
[90m│[39m  [33m"../../node_modules/.pnpm/framer-motion@12.38.0_react-dom@19.2.4_react@19.2.4__react@19.2.4/node_modules/framer-motion/dist/es/animation/hooks/use-animated-state.mjs"[39m
[90m│[39m  [33mwas ignored.[39m
[90m│[39m
[33m▲[39m  [43mVite[49m
[90m│[39m  [33m../../node_modules/.pnpm/framer-motion@12.38.0_react-dom@19.2.4_react@19.2.4__react@19.2.4/node_modules/framer-motion/dist/es/value/use-inverted-scale.mjs[39m
[90m│[39m  [33m(1:0): Module level directives cause errors when bundled, "use client"[39m
[90m│[39m  [33min[39m
[90m│[39m  [33m"../../node_modules/.pnpm/framer-motion@12.38.0_react-dom@19.2.4_react@19.2.4__react@19.2.4/node_modules/framer-motion/dist/es/value/use-inverted-scale.mjs"[39m
[90m│[39m  [33mwas ignored.[39m
[90m│[39m
[33m▲[39m  [43mVite[49m
[90m│[39m  [33m../../node_modules/.pnpm/framer-motion@12.38.0_react-dom@19.2.4_react@19.2.4__react@19.2.4/node_modules/framer-motion/dist/es/components/AnimateSharedLayout.mjs[39m
[90m│[39m  [33m(1:0): Module level directives cause errors when bundled, "use client"[39m
[90m│[39m  [33min[39m
[90m│[39m  [33m"../../node_modules/.pnpm/framer-motion@12.38.0_react-dom@19.2.4_react@19.2.4__react@19.2.4/node_modules/framer-motion/dist/es/components/AnimateSharedLayout.mjs"[39m
[90m│[39m  [33mwas ignored.[39m
[90m│[39m
[33m▲[39m  [43mVite[49m
[90m│[39m  [33m../../node_modules/.pnpm/framer-motion@12.38.0_react-dom@19.2.4_react@19.2.4__react@19.2.4/node_modules/framer-motion/dist/es/context/DeprecatedLayoutGroupContext.mjs[39m
[90m│[39m  [33m(1:0): Module level directives cause errors when bundled, "use client"[39m
[90m│[39m  [33min[39m
[90m│[39m  [33m"../../node_modules/.pnpm/framer-motion@12.38.0_react-dom@19.2.4_react@19.2.4__react@19.2.4/node_modules/framer-motion/dist/es/context/DeprecatedLayoutGroupContext.mjs"[39m
[90m│[39m  [33mwas ignored.[39m
[90m│[39m
[33m▲[39m  [43mVite[49m [33m../../packages/widget-engine/src/widget-slot/index.tsx (1:0):[39m
[90m│[39m  [33mError when using sourcemap for reporting an error: Can't resolve[39m
[90m│[39m  [33moriginal location of error.[39m
[90m│[39m
[33m▲[39m  [43mVite[49m [33m../../packages/widget-engine/src/widget-slot/index.tsx (1:0):[39m
[90m│[39m  [33mModule level directives cause errors when bundled, "use client" in[39m
[90m│[39m  [33m"../../packages/widget-engine/src/widget-slot/index.tsx" was ignored.[39m
[90m│[39m
[33m▲[39m  [43mVite[49m [33m../../widgets/analytics/src/init.tsx (1:0): Error when using[39m
[90m│[39m  [33msourcemap for reporting an error: Can't resolve original location of[39m
[90m│[39m  [33merror.[39m
[90m│[39m
[33m▲[39m  [43mVite[49m [33m../../widgets/analytics/src/init.tsx (1:0): Module level[39m
[90m│[39m  [33mdirectives cause errors when bundled, "use client" in[39m
[90m│[39m  [33m"../../widgets/analytics/src/init.tsx" was ignored.[39m
[90m│[39m
[33m▲[39m  [43mVite[49m [33m../../widgets/analytics/src/data-resolver.tsx (1:0): Error when[39m
[90m│[39m  [33musing sourcemap for reporting an error: Can't resolve original[39m
[90m│[39m  [33mlocation of error.[39m
[90m│[39m
[33m▲[39m  [43mVite[49m [33m../../widgets/analytics/src/data-resolver.tsx (1:0): Module level[39m
[90m│[39m  [33mdirectives cause errors when bundled, "use client" in[39m
[90m│[39m  [33m"../../widgets/analytics/src/data-resolver.tsx" was ignored.[39m
[90m│[39m
[33m▲[39m  [43mVite[49m [33m../../packages/ui/src/error-boundary/index.tsx (1:0): Error when[39m
[90m│[39m  [33musing sourcemap for reporting an error: Can't resolve original[39m
[90m│[39m  [33mlocation of error.[39m
[90m│[39m
[33m▲[39m  [43mVite[49m [33m../../packages/ui/src/error-boundary/index.tsx (1:0): Module[39m
[90m│[39m  [33mlevel directives cause errors when bundled, "use client" in[39m
[90m│[39m  [33m"../../packages/ui/src/error-boundary/index.tsx" was ignored.[39m
[90m│[39m
[33m▲[39m  [43mVite[49m [33m../app/components/dashboard/provider-card/index.tsx (1:0): Error[39m
[90m│[39m  [33mwhen using sourcemap for reporting an error: Can't resolve original[39m
[90m│[39m  [33mlocation of error.[39m
[90m│[39m
[33m▲[39m  [43mVite[49m [33m../app/components/dashboard/provider-card/index.tsx (1:0): Module[39m
[90m│[39m  [33mlevel directives cause errors when bundled, "use client" in[39m
[90m│[39m  [33m"../app/components/dashboard/provider-card/index.tsx" was ignored.[39m
[90m│[39m
[33m▲[39m  [43mVite[49m [33m../../widgets/analytics/src/index.tsx (1:0): Error when using[39m
[90m│[39m  [33msourcemap for reporting an error: Can't resolve original location of[39m
[90m│[39m  [33merror.[39m
[90m│[39m
[33m▲[39m  [43mVite[49m [33m../../widgets/analytics/src/index.tsx (1:0): Module level[39m
[90m│[39m  [33mdirectives cause errors when bundled, "use client" in[39m
[90m│[39m  [33m"../../widgets/analytics/src/index.tsx" was ignored.[39m
[90m│[39m
[33m▲[39m  [43mVite[49m [33m../app/components/chrome/kpi-strip/index.tsx (1:0): Error when[39m
[90m│[39m  [33musing sourcemap for reporting an error: Can't resolve original[39m
[90m│[39m  [33mlocation of error.[39m
[90m│[39m
[33m▲[39m  [43mVite[49m [33m../app/components/chrome/kpi-strip/index.tsx (1:0): Module level[39m
[90m│[39m  [33mdirectives cause errors when bundled, "use client" in[39m
[90m│[39m  [33m"../app/components/chrome/kpi-strip/index.tsx" was ignored.[39m
[90m│[39m
[33m▲[39m  [43mVite[49m [33m../app/components/debug/shared/index.tsx (1:0): Error when using[39m
[90m│[39m  [33msourcemap for reporting an error: Can't resolve original location of[39m
[90m│[39m  [33merror.[39m
[90m│[39m
[33m▲[39m  [43mVite[49m [33m../app/components/debug/shared/index.tsx (1:0): Module level[39m
[90m│[39m  [33mdirectives cause errors when bundled, "use client" in[39m
[90m│[39m  [33m"../app/components/debug/shared/index.tsx" was ignored.[39m
[90m│[39m
[33m▲[39m  [43mVite[49m [33m../../packages/widget-engine/src/chrome/page-tabs/index.tsx[39m
[90m│[39m  [33m(1:0): Error when using sourcemap for reporting an error: Can't[39m
[90m│[39m  [33mresolve original location of error.[39m
[90m│[39m
[33m▲[39m  [43mVite[49m [33m../../packages/widget-engine/src/chrome/page-tabs/index.tsx[39m
[90m│[39m  [33m(1:0): Module level directives cause errors when bundled, "use client"[39m
[90m│[39m  [33min "../../packages/widget-engine/src/chrome/page-tabs/index.tsx" was[39m
[90m│[39m  [33mignored.[39m
[90m│[39m
[33m▲[39m  [43mVite[49m [33m../app/components/widgets/widget-detail-dialog/index.tsx (1:0):[39m
[90m│[39m  [33mError when using sourcemap for reporting an error: Can't resolve[39m
[90m│[39m  [33moriginal location of error.[39m
[90m│[39m
[33m▲[39m  [43mVite[49m [33m../app/components/widgets/widget-detail-dialog/index.tsx (1:0):[39m
[90m│[39m  [33mModule level directives cause errors when bundled, "use client" in[39m
[90m│[39m  [33m"../app/components/widgets/widget-detail-dialog/index.tsx" was[39m
[90m│[39m  [33mignored.[39m
[90m│[39m
[33m▲[39m  [43mVite[49m [33m../../packages/widget-engine/src/chrome/project-tabs/index.tsx[39m
[90m│[39m  [33m(1:0): Error when using sourcemap for reporting an error: Can't[39m
[90m│[39m  [33mresolve original location of error.[39m
[90m│[39m
[33m▲[39m  [43mVite[49m [33m../../packages/widget-engine/src/chrome/project-tabs/index.tsx[39m
[90m│[39m  [33m(1:0): Module level directives cause errors when bundled, "use client"[39m
[90m│[39m  [33min "../../packages/widget-engine/src/chrome/project-tabs/index.tsx"[39m
[90m│[39m  [33mwas ignored.[39m
[90m│[39m
[33m▲[39m  [43mVite[49m [33m../app/components/chrome/bottom-ticker/index.tsx (1:0): Error[39m
[90m│[39m  [33mwhen using sourcemap for reporting an error: Can't resolve original[39m
[90m│[39m  [33mlocation of error.[39m
[90m│[39m
[33m▲[39m  [43mVite[49m [33m../app/components/chrome/bottom-ticker/index.tsx (1:0): Module[39m
[90m│[39m  [33mlevel directives cause errors when bundled, "use client" in[39m
[90m│[39m  [33m"../app/components/chrome/bottom-ticker/index.tsx" was ignored.[39m
[90m│[39m
[33m▲[39m  [43mVite[49m [33m../../packages/widget-engine/src/chrome/top-bar/index.tsx (1:0):[39m
[90m│[39m  [33mError when using sourcemap for reporting an error: Can't resolve[39m
[90m│[39m  [33moriginal location of error.[39m
[90m│[39m
[33m▲[39m  [43mVite[49m [33m../../packages/widget-engine/src/chrome/top-bar/index.tsx (1:0):[39m
[90m│[39m  [33mModule level directives cause errors when bundled, "use client" in[39m
[90m│[39m  [33m"../../packages/widget-engine/src/chrome/top-bar/index.tsx" was[39m
[90m│[39m  [33mignored.[39m
[90m│[39m
[33m▲[39m  [43mVite[49m
[90m│[39m  [33m../../node_modules/.pnpm/framer-motion@12.38.0_react-dom@19.2.4_react@19.2.4__react@19.2.4/node_modules/framer-motion/dist/es/context/LazyContext.mjs[39m
[90m│[39m  [33m(1:0): Module level directives cause errors when bundled, "use client"[39m
[90m│[39m  [33min[39m
[90m│[39m  [33m"../../node_modules/.pnpm/framer-motion@12.38.0_react-dom@19.2.4_react@19.2.4__react@19.2.4/node_modules/framer-motion/dist/es/context/LazyContext.mjs"[39m
[90m│[39m  [33mwas ignored.[39m
[90m│[39m
[33m▲[39m  [43mVite[49m
[90m│[39m  [33m../../node_modules/.pnpm/framer-motion@12.38.0_react-dom@19.2.4_react@19.2.4__react@19.2.4/node_modules/framer-motion/dist/es/utils/use-constant.mjs[39m
[90m│[39m  [33m(1:0): Module level directives cause errors when bundled, "use client"[39m
[90m│[39m  [33min[39m
[90m│[39m  [33m"../../node_modules/.pnpm/framer-motion@12.38.0_react-dom@19.2.4_react@19.2.4__react@19.2.4/node_modules/framer-motion/dist/es/utils/use-constant.mjs"[39m
[90m│[39m  [33mwas ignored.[39m
[90m│[39m
[33m▲[39m  [43mVite[49m
[90m│[39m  [33m../../node_modules/.pnpm/framer-motion@12.38.0_react-dom@19.2.4_react@19.2.4__react@19.2.4/node_modules/framer-motion/dist/es/utils/use-is-mounted.mjs[39m
[90m│[39m  [33m(1:0): Module level directives cause errors when bundled, "use client"[39m
[90m│[39m  [33min[39m
[90m│[39m  [33m"../../node_modules/.pnpm/framer-motion@12.38.0_react-dom@19.2.4_react@19.2.4__react@19.2.4/node_modules/framer-motion/dist/es/utils/use-is-mounted.mjs"[39m
[90m│[39m  [33mwas ignored.[39m
[90m│[39m
[33m▲[39m  [43mVite[49m
[90m│[39m  [33m../../node_modules/.pnpm/framer-motion@12.38.0_react-dom@19.2.4_react@19.2.4__react@19.2.4/node_modules/framer-motion/dist/es/value/use-combine-values.mjs[39m
[90m│[39m  [33m(1:0): Module level directives cause errors when bundled, "use client"[39m
[90m│[39m  [33min[39m
[90m│[39m  [33m"../../node_modules/.pnpm/framer-motion@12.38.0_react-dom@19.2.4_react@19.2.4__react@19.2.4/node_modules/framer-motion/dist/es/value/use-combine-values.mjs"[39m
[90m│[39m  [33mwas ignored.[39m
[90m│[39m
[33m▲[39m  [43mVite[49m
[90m│[39m  [33m../../node_modules/.pnpm/framer-motion@12.38.0_react-dom@19.2.4_react@19.2.4__react@19.2.4/node_modules/framer-motion/dist/es/value/use-computed.mjs[39m
[90m│[39m  [33m(1:0): Module level directives cause errors when bundled, "use client"[39m
[90m│[39m  [33min[39m
[90m│[39m  [33m"../../node_modules/.pnpm/framer-motion@12.38.0_react-dom@19.2.4_react@19.2.4__react@19.2.4/node_modules/framer-motion/dist/es/value/use-computed.mjs"[39m
[90m│[39m  [33mwas ignored.[39m
[90m│[39m
[33m▲[39m  [43mVite[49m
[90m│[39m  [33m../../node_modules/.pnpm/framer-motion@12.38.0_react-dom@19.2.4_react@19.2.4__react@19.2.4/node_modules/framer-motion/dist/es/components/Reorder/Group.mjs[39m
[90m│[39m  [33m(1:0): Module level directives cause errors when bundled, "use client"[39m
[90m│[39m  [33min[39m
[90m│[39m  [33m"../../node_modules/.pnpm/framer-motion@12.38.0_react-dom@19.2.4_react@19.2.4__react@19.2.4/node_modules/framer-motion/dist/es/components/Reorder/Group.mjs"[39m
[90m│[39m  [33mwas ignored.[39m
[90m│[39m
[33m▲[39m  [43mVite[49m
[90m│[39m  [33m../../node_modules/.pnpm/framer-motion@12.38.0_react-dom@19.2.4_react@19.2.4__react@19.2.4/node_modules/framer-motion/dist/es/components/Reorder/Item.mjs[39m
[90m│[39m  [33m(1:0): Module level directives cause errors when bundled, "use client"[39m
[90m│[39m  [33min[39m
[90m│[39m  [33m"../../node_modules/.pnpm/framer-motion@12.38.0_react-dom@19.2.4_react@19.2.4__react@19.2.4/node_modules/framer-motion/dist/es/components/Reorder/Item.mjs"[39m
[90m│[39m  [33mwas ignored.[39m
[90m│[39m
[33m▲[39m  [43mVite[49m
[90m│[39m  [33m../../node_modules/.pnpm/framer-motion@12.38.0_react-dom@19.2.4_react@19.2.4__react@19.2.4/node_modules/framer-motion/dist/es/context/ReorderContext.mjs[39m
[90m│[39m  [33m(1:0): Module level directives cause errors when bundled, "use client"[39m
[90m│[39m  [33min[39m
[90m│[39m  [33m"../../node_modules/.pnpm/framer-motion@12.38.0_react-dom@19.2.4_react@19.2.4__react@19.2.4/node_modules/framer-motion/dist/es/context/ReorderContext.mjs"[39m
[90m│[39m  [33mwas ignored.[39m
[90m│[39m
[33m▲[39m  [43mVite[49m
[90m│[39m  [33m../../node_modules/.pnpm/framer-motion@12.38.0_react-dom@19.2.4_react@19.2.4__react@19.2.4/node_modules/framer-motion/dist/es/motion/features/layout/MeasureLayout.mjs[39m
[90m│[39m  [33m(1:0): Module level directives cause errors when bundled, "use client"[39m
[90m│[39m  [33min[39m
[90m│[39m  [33m"../../node_modules/.pnpm/framer-motion@12.38.0_react-dom@19.2.4_react@19.2.4__react@19.2.4/node_modules/framer-motion/dist/es/motion/features/layout/MeasureLayout.mjs"[39m
[90m│[39m  [33mwas ignored.[39m
[90m│[39m
[33m▲[39m  [43mVite[49m [33m../app/components/debug/sections/client-issues/index.tsx (1:0):[39m
[90m│[39m  [33mError when using sourcemap for reporting an error: Can't resolve[39m
[90m│[39m  [33moriginal location of error.[39m
[90m│[39m
[33m▲[39m  [43mVite[49m [33m../app/components/debug/sections/client-issues/index.tsx (1:0):[39m
[90m│[39m  [33mModule level directives cause errors when bundled, "use client" in[39m
[90m│[39m  [33m"../app/components/debug/sections/client-issues/index.tsx" was[39m
[90m│[39m  [33mignored.[39m
[90m│[39m
[33m▲[39m  [43mVite[49m [33m../app/components/debug/sections/memory/index.tsx (1:0): Error[39m
[90m│[39m  [33mwhen using sourcemap for reporting an error: Can't resolve original[39m
[90m│[39m  [33mlocation of error.[39m
[90m│[39m
[33m▲[39m  [43mVite[49m [33m../app/components/debug/sections/memory/index.tsx (1:0): Module[39m
[90m│[39m  [33mlevel directives cause errors when bundled, "use client" in[39m
[90m│[39m  [33m"../app/components/debug/sections/memory/index.tsx" was ignored.[39m
[90m│[39m
[33m▲[39m  [43mVite[49m [33m../app/components/debug/sections/health/index.tsx (1:0): Error[39m
[90m│[39m  [33mwhen using sourcemap for reporting an error: Can't resolve original[39m
[90m│[39m  [33mlocation of error.[39m
[90m│[39m
[33m▲[39m  [43mVite[49m [33m../app/components/debug/sections/health/index.tsx (1:0): Module[39m
[90m│[39m  [33mlevel directives cause errors when bundled, "use client" in[39m
[90m│[39m  [33m"../app/components/debug/sections/health/index.tsx" was ignored.[39m
[90m│[39m
[33m▲[39m  [43mVite[49m [33m../app/components/debug/sections/conversations/index.tsx (1:0):[39m
[90m│[39m  [33mError when using sourcemap for reporting an error: Can't resolve[39m
[90m│[39m  [33moriginal location of error.[39m
[90m│[39m
[33m▲[39m  [43mVite[49m [33m../app/components/debug/sections/conversations/index.tsx (1:0):[39m
[90m│[39m  [33mModule level directives cause errors when bundled, "use client" in[39m
[90m│[39m  [33m"../app/components/debug/sections/conversations/index.tsx" was[39m
[90m│[39m  [33mignored.[39m
[90m│[39m
[33m▲[39m  [43mVite[49m [33m../app/components/debug/sections/extension-health/index.tsx[39m
[90m│[39m  [33m(1:0): Error when using sourcemap for reporting an error: Can't[39m
[90m│[39m  [33mresolve original location of error.[39m
[90m│[39m
[33m▲[39m  [43mVite[49m [33m../app/components/debug/sections/extension-health/index.tsx[39m
[90m│[39m  [33m(1:0): Module level directives cause errors when bundled, "use client"[39m
[90m│[39m  [33min "../app/components/debug/sections/extension-health/index.tsx" was[39m
[90m│[39m  [33mignored.[39m
[90m│[39m
[33m▲[39m  [43mVite[49m [33m../app/components/debug/sections/cache/index.tsx (1:0): Error[39m
[90m│[39m  [33mwhen using sourcemap for reporting an error: Can't resolve original[39m
[90m│[39m  [33mlocation of error.[39m
[90m│[39m
[33m▲[39m  [43mVite[49m [33m../app/components/debug/sections/cache/index.tsx (1:0): Module[39m
[90m│[39m  [33mlevel directives cause errors when bundled, "use client" in[39m
[90m│[39m  [33m"../app/components/debug/sections/cache/index.tsx" was ignored.[39m
[90m│[39m
[33m▲[39m  [43mVite[49m [33m../app/components/debug/sections/spans/index.tsx (1:0): Error[39m
[90m│[39m  [33mwhen using sourcemap for reporting an error: Can't resolve original[39m
[90m│[39m  [33mlocation of error.[39m
[90m│[39m
[33m▲[39m  [43mVite[49m [33m../app/components/debug/sections/spans/index.tsx (1:0): Module[39m
[90m│[39m  [33mlevel directives cause errors when bundled, "use client" in[39m
[90m│[39m  [33m"../app/components/debug/sections/spans/index.tsx" was ignored.[39m
[90m│[39m
[33m▲[39m  [43mVite[49m [33m../app/components/debug/sections/webhook-relay/index.tsx (1:0):[39m
[90m│[39m  [33mError when using sourcemap for reporting an error: Can't resolve[39m
[90m│[39m  [33moriginal location of error.[39m
[90m│[39m
[33m▲[39m  [43mVite[49m [33m../app/components/debug/sections/webhook-relay/index.tsx (1:0):[39m
[90m│[39m  [33mModule level directives cause errors when bundled, "use client" in[39m
[90m│[39m  [33m"../app/components/debug/sections/webhook-relay/index.tsx" was[39m
[90m│[39m  [33mignored.[39m
[90m│[39m
[33m▲[39m  [43mVite[49m [33m../app/components/debug/sections/reports/index.tsx (1:0): Error[39m
[90m│[39m  [33mwhen using sourcemap for reporting an error: Can't resolve original[39m
[90m│[39m  [33mlocation of error.[39m
[90m│[39m
[33m▲[39m  [43mVite[49m [33m../app/components/debug/sections/reports/index.tsx (1:0): Module[39m
[90m│[39m  [33mlevel directives cause errors when bundled, "use client" in[39m
[90m│[39m  [33m"../app/components/debug/sections/reports/index.tsx" was ignored.[39m
[90m│[39m
[33m▲[39m  [43mVite[49m [33m../app/components/debug/sections/traces/index.tsx (1:0): Error[39m
[90m│[39m  [33mwhen using sourcemap for reporting an error: Can't resolve original[39m
[90m│[39m  [33mlocation of error.[39m
[90m│[39m
[33m▲[39m  [43mVite[49m [33m../app/components/debug/sections/traces/index.tsx (1:0): Module[39m
[90m│[39m  [33mlevel directives cause errors when bundled, "use client" in[39m
[90m│[39m  [33m"../app/components/debug/sections/traces/index.tsx" was ignored.[39m
[90m│[39m
[33m▲[39m  [43mVite[49m [33m../../packages/widget-sdk/src/data-source-registry.ts (1:0):[39m
[90m│[39m  [33mError when using sourcemap for reporting an error: Can't resolve[39m
[90m│[39m  [33moriginal location of error.[39m
[90m│[39m
[33m▲[39m  [43mVite[49m [33m../../packages/widget-sdk/src/data-source-registry.ts (1:0):[39m
[90m│[39m  [33mModule level directives cause errors when bundled, "use client" in[39m
[90m│[39m  [33m"../../packages/widget-sdk/src/data-source-registry.ts" was ignored.[39m
[90m│[39m
[33m▲[39m  [43mVite[49m [33m../../packages/widget-sdk/src/detail-renderer-registry.tsx (1:0):[39m
[90m│[39m  [33mError when using sourcemap for reporting an error: Can't resolve[39m
[90m│[39m  [33moriginal location of error.[39m
[90m│[39m
[33m▲[39m  [43mVite[49m [33m../../packages/widget-sdk/src/detail-renderer-registry.tsx (1:0):[39m
[90m│[39m  [33mModule level directives cause errors when bundled, "use client" in[39m
[90m│[39m  [33m"../../packages/widget-sdk/src/detail-renderer-registry.tsx" was[39m
[90m│[39m  [33mignored.[39m
[90m│[39m
[33m▲[39m  [43mVite[49m
[90m│[39m  [33m../../node_modules/.pnpm/swr@2.4.1_react@19.2.4/node_modules/swr/dist/_internal/config-context-12s-CCVTDPOP.mjs[39m
[90m│[39m  [33m(1:0): Module level directives cause errors when bundled, "use client"[39m
[90m│[39m  [33min[39m
[90m│[39m  [33m"../../node_modules/.pnpm/swr@2.4.1_react@19.2.4/node_modules/swr/dist/_internal/config-context-12s-CCVTDPOP.mjs"[39m
[90m│[39m  [33mwas ignored.[39m
[90m│[39m
[33m▲[39m  [43mVite[49m
[90m│[39m  [33m../../node_modules/.pnpm/framer-motion@12.38.0_react-dom@19.2.4_react@19.2.4__react@19.2.4/node_modules/framer-motion/dist/es/utils/reduced-motion/use-reduced-motion.mjs[39m
[90m│[39m  [33m(1:0): Module level directives cause errors when bundled, "use client"[39m
[90m│[39m  [33min[39m
[90m│[39m  [33m"../../node_modules/.pnpm/framer-motion@12.38.0_react-dom@19.2.4_react@19.2.4__react@19.2.4/node_modules/framer-motion/dist/es/utils/reduced-motion/use-reduced-motion.mjs"[39m
[90m│[39m  [33mwas ignored.[39m
[90m│[39m
[33m▲[39m  [43mVite[49m [33m../../packages/widget-sdk/src/debug-events.ts (1:0): Error when[39m
[90m│[39m  [33musing sourcemap for reporting an error: Can't resolve original[39m
[90m│[39m  [33mlocation of error.[39m
[90m│[39m
[33m▲[39m  [43mVite[49m [33m../../packages/widget-sdk/src/debug-events.ts (1:0): Module level[39m
[90m│[39m  [33mdirectives cause errors when bundled, "use client" in[39m
[90m│[39m  [33m"../../packages/widget-sdk/src/debug-events.ts" was ignored.[39m
[90m│[39m
[33m▲[39m  [43mVite[49m [33m../../packages/plugin-sdk/src/runtime/plugin-dock.tsx (1:0):[39m
[90m│[39m  [33mError when using sourcemap for reporting an error: Can't resolve[39m
[90m│[39m  [33moriginal location of error.[39m
[90m│[39m
[33m▲[39m  [43mVite[49m [33m../../packages/plugin-sdk/src/runtime/plugin-dock.tsx (1:0):[39m
[90m│[39m  [33mModule level directives cause errors when bundled, "use client" in[39m
[90m│[39m  [33m"../../packages/plugin-sdk/src/runtime/plugin-dock.tsx" was ignored.[39m
[90m│[39m
[33m▲[39m  [43mVite[49m [33m../../packages/plugin-sdk/src/use-plugin-api.ts (1:0): Error when[39m
[90m│[39m  [33musing sourcemap for reporting an error: Can't resolve original[39m
[90m│[39m  [33mlocation of error.[39m
[90m│[39m
[33m▲[39m  [43mVite[49m [33m../../packages/plugin-sdk/src/use-plugin-api.ts (1:0): Module[39m
[90m│[39m  [33mlevel directives cause errors when bundled, "use client" in[39m
[90m│[39m  [33m"../../packages/plugin-sdk/src/use-plugin-api.ts" was ignored.[39m
[90m│[39m
[33m▲[39m  [43mVite[49m [33m../../packages/widget-engine/src/templates/filter-state/index.tsx[39m
[90m│[39m  [33m(1:0): Error when using sourcemap for reporting an error: Can't[39m
[90m│[39m  [33mresolve original location of error.[39m
[90m│[39m
[33m▲[39m  [43mVite[49m [33m../../packages/widget-engine/src/templates/filter-state/index.tsx[39m
[90m│[39m  [33m(1:0): Module level directives cause errors when bundled, "use client"[39m
[90m│[39m  [33min "../../packages/widget-engine/src/templates/filter-state/index.tsx"[39m
[90m│[39m  [33mwas ignored.[39m
[90m│[39m
[33m▲[39m  [43mVite[49m
[90m│[39m  [33m../../node_modules/.pnpm/framer-motion@12.38.0_react-dom@19.2.4_react@19.2.4__react@19.2.4/node_modules/framer-motion/dist/es/components/AnimatePresence/index.mjs[39m
[90m│[39m  [33m(1:0): Module level directives cause errors when bundled, "use client"[39m
[90m│[39m  [33min[39m
[90m│[39m  [33m"../../node_modules/.pnpm/framer-motion@12.38.0_react-dom@19.2.4_react@19.2.4__react@19.2.4/node_modules/framer-motion/dist/es/components/AnimatePresence/index.mjs"[39m
[90m│[39m  [33mwas ignored.[39m
[90m│[39m
[33m▲[39m  [43mVite[49m [33m../../packages/widget-engine/src/templates/detail-host/index.tsx[39m
[90m│[39m  [33m(1:0): Error when using sourcemap for reporting an error: Can't[39m
[90m│[39m  [33mresolve original location of error.[39m
[90m│[39m
[33m▲[39m  [43mVite[49m [33m../../packages/widget-engine/src/templates/detail-host/index.tsx[39m
[90m│[39m  [33m(1:0): Module level directives cause errors when bundled, "use client"[39m
[90m│[39m  [33min "../../packages/widget-engine/src/templates/detail-host/index.tsx"[39m
[90m│[39m  [33mwas ignored.[39m
[90m│[39m
[33m▲[39m  [43mVite[49m [33m../../widgets/aso-keywords/src/init.tsx (1:0): Error when using[39m
[90m│[39m  [33msourcemap for reporting an error: Can't resolve original location of[39m
[90m│[39m  [33merror.[39m
[90m│[39m
[33m▲[39m  [43mVite[49m [33m../../widgets/aso-keywords/src/init.tsx (1:0): Module level[39m
[90m│[39m  [33mdirectives cause errors when bundled, "use client" in[39m
[90m│[39m  [33m"../../widgets/aso-keywords/src/init.tsx" was ignored.[39m
[90m│[39m
[33m▲[39m  [43mVite[49m [33m../../widgets/bookmarks/src/init.tsx (1:0): Error when using[39m
[90m│[39m  [33msourcemap for reporting an error: Can't resolve original location of[39m
[90m│[39m  [33merror.[39m
[90m│[39m
[33m▲[39m  [43mVite[49m [33m../../widgets/bookmarks/src/init.tsx (1:0): Module level[39m
[90m│[39m  [33mdirectives cause errors when bundled, "use client" in[39m
[90m│[39m  [33m"../../widgets/bookmarks/src/init.tsx" was ignored.[39m
[90m│[39m
[33m▲[39m  [43mVite[49m
[90m│[39m  [33m../../packages/widget-engine/src/templates/sections/alert-section/index.tsx[39m
[90m│[39m  [33m(1:0): Error when using sourcemap for reporting an error: Can't[39m
[90m│[39m  [33mresolve original location of error.[39m
[90m│[39m
[33m▲[39m  [43mVite[49m
[90m│[39m  [33m../../packages/widget-engine/src/templates/sections/alert-section/index.tsx[39m
[90m│[39m  [33m(1:0): Module level directives cause errors when bundled, "use client"[39m
[90m│[39m  [33min[39m
[90m│[39m  [33m"../../packages/widget-engine/src/templates/sections/alert-section/index.tsx"[39m
[90m│[39m  [33mwas ignored.[39m
[90m│[39m
[33m▲[39m  [43mVite[49m [33m../../widgets/aso-keywords/src/data-resolver.tsx (1:0): Error[39m
[90m│[39m  [33mwhen using sourcemap for reporting an error: Can't resolve original[39m
[90m│[39m  [33mlocation of error.[39m
[90m│[39m
[33m▲[39m  [43mVite[49m [33m../../widgets/aso-keywords/src/data-resolver.tsx (1:0): Module[39m
[90m│[39m  [33mlevel directives cause errors when bundled, "use client" in[39m
[90m│[39m  [33m"../../widgets/aso-keywords/src/data-resolver.tsx" was ignored.[39m
[90m│[39m
[33m▲[39m  [43mVite[49m [33m../../widgets/bookmarks/src/data-resolver.tsx (1:0): Error when[39m
[90m│[39m  [33musing sourcemap for reporting an error: Can't resolve original[39m
[90m│[39m  [33mlocation of error.[39m
[90m│[39m
[33m▲[39m  [43mVite[49m [33m../../widgets/bookmarks/src/data-resolver.tsx (1:0): Module level[39m
[90m│[39m  [33mdirectives cause errors when bundled, "use client" in[39m
[90m│[39m  [33m"../../widgets/bookmarks/src/data-resolver.tsx" was ignored.[39m
[90m│[39m
[33m▲[39m  [43mVite[49m [33m../../widgets/bookmarks/src/index.ts (1:0): Error when using[39m
[90m│[39m  [33msourcemap for reporting an error: Can't resolve original location of[39m
[90m│[39m  [33merror.[39m
[90m│[39m
[33m▲[39m  [43mVite[49m [33m../../widgets/bookmarks/src/index.ts (1:0): Module level[39m
[90m│[39m  [33mdirectives cause errors when bundled, "use client" in[39m
[90m│[39m  [33m"../../widgets/bookmarks/src/index.ts" was ignored.[39m
[90m│[39m
[33m▲[39m  [43mVite[49m
[90m│[39m  [33m../../packages/widget-engine/src/templates/sections/grid-section/index.tsx[39m
[90m│[39m  [33m(1:0): Error when using sourcemap for reporting an error: Can't[39m
[90m│[39m  [33mresolve original location of error.[39m
[90m│[39m
[33m▲[39m  [43mVite[49m
[90m│[39m  [33m../../packages/widget-engine/src/templates/sections/grid-section/index.tsx[39m
[90m│[39m  [33m(1:0): Module level directives cause errors when bundled, "use client"[39m
[90m│[39m  [33min[39m
[90m│[39m  [33m"../../packages/widget-engine/src/templates/sections/grid-section/index.tsx"[39m
[90m│[39m  [33mwas ignored.[39m
[90m│[39m
[33m▲[39m  [43mVite[49m
[90m│[39m  [33m../../packages/widget-engine/src/templates/sections/headline-stat-section/index.tsx[39m
[90m│[39m  [33m(1:0): Error when using sourcemap for reporting an error: Can't[39m
[90m│[39m  [33mresolve original location of error.[39m
[90m│[39m
[33m▲[39m  [43mVite[49m
[90m│[39m  [33m../../packages/widget-engine/src/templates/sections/headline-stat-section/index.tsx[39m
[90m│[39m  [33m(1:0): Module level directives cause errors when bundled, "use client"[39m
[90m│[39m  [33min[39m
[90m│[39m  [33m"../../packages/widget-engine/src/templates/sections/headline-stat-section/index.tsx"[39m
[90m│[39m  [33mwas ignored.[39m
[90m│[39m
[33m▲[39m  [43mVite[49m
[90m│[39m  [33m../../packages/widget-engine/src/templates/sections/dense-ranked-table-section/index.tsx[39m
[90m│[39m  [33m(1:0): Error when using sourcemap for reporting an error: Can't[39m
[90m│[39m  [33mresolve original location of error.[39m
[90m│[39m
[33m▲[39m  [43mVite[49m
[90m│[39m  [33m../../packages/widget-engine/src/templates/sections/dense-ranked-table-section/index.tsx[39m
[90m│[39m  [33m(1:0): Module level directives cause errors when bundled, "use client"[39m
[90m│[39m  [33min[39m
[90m│[39m  [33m"../../packages/widget-engine/src/templates/sections/dense-ranked-table-section/index.tsx"[39m
[90m│[39m  [33mwas ignored.[39m
[90m│[39m
[33m▲[39m  [43mVite[49m
[90m│[39m  [33m../../packages/widget-engine/src/templates/sections/filter-bar-section/index.tsx[39m
[90m│[39m  [33m(1:0): Error when using sourcemap for reporting an error: Can't[39m
[90m│[39m  [33mresolve original location of error.[39m
[90m│[39m
[33m▲[39m  [43mVite[49m
[90m│[39m  [33m../../packages/widget-engine/src/templates/sections/filter-bar-section/index.tsx[39m
[90m│[39m  [33m(1:0): Module level directives cause errors when bundled, "use client"[39m
[90m│[39m  [33min[39m
[90m│[39m  [33m"../../packages/widget-engine/src/templates/sections/filter-bar-section/index.tsx"[39m
[90m│[39m  [33mwas ignored.[39m
[90m│[39m
[33m▲[39m  [43mVite[49m
[90m│[39m  ./files/ibm-plex-sans-cyrillic-ext-wght-normal.woff2 referenced in
[90m│[39m  ./files/ibm-plex-sans-cyrillic-ext-wght-normal.woff2 didn't resolve at
[90m│[39m  build time, it will remain unchanged to be resolved at runtime
[90m│[39m
[33m▲[39m  [43mVite[49m
[90m│[39m  ./files/ibm-plex-sans-cyrillic-wght-normal.woff2 referenced in
[90m│[39m  ./files/ibm-plex-sans-cyrillic-wght-normal.woff2 didn't resolve at
[90m│[39m  build time, it will remain unchanged to be resolved at runtime
[90m│[39m
[33m▲[39m  [43mVite[49m
[90m│[39m  ./files/ibm-plex-sans-greek-wght-normal.woff2 referenced in
[90m│[39m  ./files/ibm-plex-sans-greek-wght-normal.woff2 didn't resolve at build
[90m│[39m  time, it will remain unchanged to be resolved at runtime
[90m│[39m
[33m▲[39m  [43mVite[49m
[90m│[39m  ./files/ibm-plex-sans-vietnamese-wght-normal.woff2 referenced in
[90m│[39m  ./files/ibm-plex-sans-vietnamese-wght-normal.woff2 didn't resolve at
[90m│[39m  build time, it will remain unchanged to be resolved at runtime
[90m│[39m
[33m▲[39m  [43mVite[49m
[90m│[39m  ./files/ibm-plex-sans-latin-ext-wght-normal.woff2 referenced in
[90m│[39m  ./files/ibm-plex-sans-latin-ext-wght-normal.woff2 didn't resolve at
[90m│[39m  build time, it will remain unchanged to be resolved at runtime
[90m│[39m
[33m▲[39m  [43mVite[49m
[90m│[39m  ./files/ibm-plex-sans-latin-wght-normal.woff2 referenced in
[90m│[39m  ./files/ibm-plex-sans-latin-wght-normal.woff2 didn't resolve at build
[90m│[39m  time, it will remain unchanged to be resolved at runtime
[90m│[39m
[33m▲[39m  [43mVite[49m
[90m│[39m  ./files/public-sans-vietnamese-wght-normal.woff2 referenced in
[90m│[39m  ./files/public-sans-vietnamese-wght-normal.woff2 didn't resolve at
[90m│[39m  build time, it will remain unchanged to be resolved at runtime
[90m│[39m
[33m▲[39m  [43mVite[49m
[90m│[39m  ./files/public-sans-latin-ext-wght-normal.woff2 referenced in
[90m│[39m  ./files/public-sans-latin-ext-wght-normal.woff2 didn't resolve at
[90m│[39m  build time, it will remain unchanged to be resolved at runtime
[90m│[39m
[33m▲[39m  [43mVite[49m
[90m│[39m  ./files/public-sans-latin-wght-normal.woff2 referenced in
[90m│[39m  ./files/public-sans-latin-wght-normal.woff2 didn't resolve at build
[90m│[39m  time, it will remain unchanged to be resolved at runtime
[90m│[39m
[33m▲[39m  [43mVite[49m
[90m│[39m  ./files/manrope-cyrillic-ext-wght-normal.woff2 referenced in
[90m│[39m  ./files/manrope-cyrillic-ext-wght-normal.woff2 didn't resolve at build
[90m│[39m  time, it will remain unchanged to be resolved at runtime
[90m│[39m
[33m▲[39m  [43mVite[49m
[90m│[39m  ./files/manrope-cyrillic-wght-normal.woff2 referenced in
[90m│[39m  ./files/manrope-cyrillic-wght-normal.woff2 didn't resolve at build
[90m│[39m  time, it will remain unchanged to be resolved at runtime
[90m│[39m
[33m▲[39m  [43mVite[49m
[90m│[39m  ./files/manrope-greek-wght-normal.woff2 referenced in
[90m│[39m  ./files/manrope-greek-wght-normal.woff2 didn't resolve at build time,
[90m│[39m  it will remain unchanged to be resolved at runtime
[90m│[39m
[33m▲[39m  [43mVite[49m
[90m│[39m  ./files/manrope-vietnamese-wght-normal.woff2 referenced in
[90m│[39m  ./files/manrope-vietnamese-wght-normal.woff2 didn't resolve at build
[90m│[39m  time, it will remain unchanged to be resolved at runtime
[90m│[39m
[33m▲[39m  [43mVite[49m
[90m│[39m  ./files/manrope-latin-ext-wght-normal.woff2 referenced in
[90m│[39m  ./files/manrope-latin-ext-wght-normal.woff2 didn't resolve at build
[90m│[39m  time, it will remain unchanged to be resolved at runtime
[90m│[39m
[33m▲[39m  [43mVite[49m
[90m│[39m  ./files/manrope-latin-wght-normal.woff2 referenced in
[90m│[39m  ./files/manrope-latin-wght-normal.woff2 didn't resolve at build time,
[90m│[39m  it will remain unchanged to be resolved at runtime
[90m│[39m
[33m▲[39m  [43mVite[49m
[90m│[39m  ./files/newsreader-vietnamese-wght-normal.woff2 referenced in
[90m│[39m  ./files/newsreader-vietnamese-wght-normal.woff2 didn't resolve at
[90m│[39m  build time, it will remain unchanged to be resolved at runtime
[90m│[39m
[33m▲[39m  [43mVite[49m
[90m│[39m  ./files/newsreader-latin-ext-wght-normal.woff2 referenced in
[90m│[39m  ./files/newsreader-latin-ext-wght-normal.woff2 didn't resolve at build
[90m│[39m  time, it will remain unchanged to be resolved at runtime
[90m│[39m
[33m▲[39m  [43mVite[49m
[90m│[39m  ./files/newsreader-latin-wght-normal.woff2 referenced in
[90m│[39m  ./files/newsreader-latin-wght-normal.woff2 didn't resolve at build
[90m│[39m  time, it will remain unchanged to be resolved at runtime
[90m│[39m
[33m▲[39m  [43mVite[49m
[90m│[39m  ./files/sora-latin-ext-wght-normal.woff2 referenced in
[90m│[39m  ./files/sora-latin-ext-wght-normal.woff2 didn't resolve at build time,
[90m│[39m  it will remain unchanged to be resolved at runtime
[90m│[39m
[33m▲[39m  [43mVite[49m
[90m│[39m  ./files/sora-latin-wght-normal.woff2 referenced in
[90m│[39m  ./files/sora-latin-wght-normal.woff2 didn't resolve at build time, it
[90m│[39m  will remain unchanged to be resolved at runtime
[90m│[39m
[33m▲[39m  [43mVite[49m
[90m│[39m  ./files/space-grotesk-vietnamese-wght-normal.woff2 referenced in
[90m│[39m  ./files/space-grotesk-vietnamese-wght-normal.woff2 didn't resolve at
[90m│[39m  build time, it will remain unchanged to be resolved at runtime
[90m│[39m
[33m▲[39m  [43mVite[49m
[90m│[39m  ./files/space-grotesk-latin-ext-wght-normal.woff2 referenced in
[90m│[39m  ./files/space-grotesk-latin-ext-wght-normal.woff2 didn't resolve at
[90m│[39m  build time, it will remain unchanged to be resolved at runtime
[90m│[39m
[33m▲[39m  [43mVite[49m
[90m│[39m  ./files/space-grotesk-latin-wght-normal.woff2 referenced in
[90m│[39m  ./files/space-grotesk-latin-wght-normal.woff2 didn't resolve at build
[90m│[39m  time, it will remain unchanged to be resolved at runtime
[90m│[39m
[33m▲[39m  [43mVite[49m
[90m│[39m  ./files/fraunces-vietnamese-wght-normal.woff2 referenced in
[90m│[39m  ./files/fraunces-vietnamese-wght-normal.woff2 didn't resolve at build
[90m│[39m  time, it will remain unchanged to be resolved at runtime
[90m│[39m
[33m▲[39m  [43mVite[49m
[90m│[39m  ./files/fraunces-latin-ext-wght-normal.woff2 referenced in
[90m│[39m  ./files/fraunces-latin-ext-wght-normal.woff2 didn't resolve at build
[90m│[39m  time, it will remain unchanged to be resolved at runtime
[90m│[39m
[33m▲[39m  [43mVite[49m
[90m│[39m  ./files/fraunces-latin-wght-normal.woff2 referenced in
[90m│[39m  ./files/fraunces-latin-wght-normal.woff2 didn't resolve at build time,
[90m│[39m  it will remain unchanged to be resolved at runtime
[90m│[39m
[33m▲[39m  [43mVite[49m
[90m│[39m  ./files/chivo-mono-vietnamese-wght-normal.woff2 referenced in
[90m│[39m  ./files/chivo-mono-vietnamese-wght-normal.woff2 didn't resolve at
[90m│[39m  build time, it will remain unchanged to be resolved at runtime
[90m│[39m
[33m▲[39m  [43mVite[49m
[90m│[39m  ./files/chivo-mono-latin-ext-wght-normal.woff2 referenced in
[90m│[39m  ./files/chivo-mono-latin-ext-wght-normal.woff2 didn't resolve at build
[90m│[39m  time, it will remain unchanged to be resolved at runtime
[90m│[39m
[33m▲[39m  [43mVite[49m
[90m│[39m  ./files/chivo-mono-latin-wght-normal.woff2 referenced in
[90m│[39m  ./files/chivo-mono-latin-wght-normal.woff2 didn't resolve at build
[90m│[39m  time, it will remain unchanged to be resolved at runtime
[90m│[39m
[33m▲[39m  [43mVite[49m
[90m│[39m  ./files/jetbrains-mono-cyrillic-ext-wght-normal.woff2 referenced in
[90m│[39m  ./files/jetbrains-mono-cyrillic-ext-wght-normal.woff2 didn't resolve
[90m│[39m  at build time, it will remain unchanged to be resolved at runtime
[90m│[39m
[33m▲[39m  [43mVite[49m
[90m│[39m  ./files/jetbrains-mono-cyrillic-wght-normal.woff2 referenced in
[90m│[39m  ./files/jetbrains-mono-cyrillic-wght-normal.woff2 didn't resolve at
[90m│[39m  build time, it will remain unchanged to be resolved at runtime
[90m│[39m
[33m▲[39m  [43mVite[49m
[90m│[39m  ./files/jetbrains-mono-greek-wght-normal.woff2 referenced in
[90m│[39m  ./files/jetbrains-mono-greek-wght-normal.woff2 didn't resolve at build
[90m│[39m  time, it will remain unchanged to be resolved at runtime
[90m│[39m
[33m▲[39m  [43mVite[49m
[90m│[39m  ./files/jetbrains-mono-vietnamese-wght-normal.woff2 referenced in
[90m│[39m  ./files/jetbrains-mono-vietnamese-wght-normal.woff2 didn't resolve at
[90m│[39m  build time, it will remain unchanged to be resolved at runtime
[90m│[39m
[33m▲[39m  [43mVite[49m
[90m│[39m  ./files/jetbrains-mono-latin-ext-wght-normal.woff2 referenced in
[90m│[39m  ./files/jetbrains-mono-latin-ext-wght-normal.woff2 didn't resolve at
[90m│[39m  build time, it will remain unchanged to be resolved at runtime
[90m│[39m
[33m▲[39m  [43mVite[49m
[90m│[39m  ./files/jetbrains-mono-latin-wght-normal.woff2 referenced in
[90m│[39m  ./files/jetbrains-mono-latin-wght-normal.woff2 didn't resolve at build
[90m│[39m  time, it will remain unchanged to be resolved at runtime
[90m│[39m
[33m▲[39m  [43mVite[49m
[90m│[39m  ./files/source-code-pro-cyrillic-ext-wght-normal.woff2 referenced in
[90m│[39m  ./files/source-code-pro-cyrillic-ext-wght-normal.woff2 didn't resolve
[90m│[39m  at build time, it will remain unchanged to be resolved at runtime
[90m│[39m
[33m▲[39m  [43mVite[49m
[90m│[39m  ./files/source-code-pro-cyrillic-wght-normal.woff2 referenced in
[90m│[39m  ./files/source-code-pro-cyrillic-wght-normal.woff2 didn't resolve at
[90m│[39m  build time, it will remain unchanged to be resolved at runtime
[90m│[39m
[33m▲[39m  [43mVite[49m
[90m│[39m  ./files/source-code-pro-greek-ext-wght-normal.woff2 referenced in
[90m│[39m  ./files/source-code-pro-greek-ext-wght-normal.woff2 didn't resolve at
[90m│[39m  build time, it will remain unchanged to be resolved at runtime
[90m│[39m
[33m▲[39m  [43mVite[49m
[90m│[39m  ./files/source-code-pro-greek-wght-normal.woff2 referenced in
[90m│[39m  ./files/source-code-pro-greek-wght-normal.woff2 didn't resolve at
[90m│[39m  build time, it will remain unchanged to be resolved at runtime
[90m│[39m
[33m▲[39m  [43mVite[49m
[90m│[39m  ./files/source-code-pro-vietnamese-wght-normal.woff2 referenced in
[90m│[39m  ./files/source-code-pro-vietnamese-wght-normal.woff2 didn't resolve at
[90m│[39m  build time, it will remain unchanged to be resolved at runtime
[90m│[39m
[33m▲[39m  [43mVite[49m
[90m│[39m  ./files/source-code-pro-latin-ext-wght-normal.woff2 referenced in
[90m│[39m  ./files/source-code-pro-latin-ext-wght-normal.woff2 didn't resolve at
[90m│[39m  build time, it will remain unchanged to be resolved at runtime
[90m│[39m
[33m▲[39m  [43mVite[49m
[90m│[39m  ./files/source-code-pro-latin-wght-normal.woff2 referenced in
[90m│[39m  ./files/source-code-pro-latin-wght-normal.woff2 didn't resolve at
[90m│[39m  build time, it will remain unchanged to be resolved at runtime
[90m│[39m
[33m▲[39m  [43mVite[49m
[90m│[39m  ./files/inconsolata-vietnamese-wght-normal.woff2 referenced in
[90m│[39m  ./files/inconsolata-vietnamese-wght-normal.woff2 didn't resolve at
[90m│[39m  build time, it will remain unchanged to be resolved at runtime
[90m│[39m
[33m▲[39m  [43mVite[49m
[90m│[39m  ./files/inconsolata-latin-ext-wght-normal.woff2 referenced in
[90m│[39m  ./files/inconsolata-latin-ext-wght-normal.woff2 didn't resolve at
[90m│[39m  build time, it will remain unchanged to be resolved at runtime
[90m│[39m
[33m▲[39m  [43mVite[49m
[90m│[39m  ./files/inconsolata-latin-wght-normal.woff2 referenced in
[90m│[39m  ./files/inconsolata-latin-wght-normal.woff2 didn't resolve at build
[90m│[39m  time, it will remain unchanged to be resolved at runtime
[90m│[39m
[33m▲[39m  [43mVite[49m
[90m│[39m  ../../../node_modules/.pnpm/geist@1.7.0_next@16.1.7_react-dom@19.2.4_react@19.2.4__react@19.2.4_/node_modules/geist/dist/fonts/geist-sans/Geist-Variable.woff2
[90m│[39m  referenced in
[90m│[39m  ../../../node_modules/.pnpm/geist@1.7.0_next@16.1.7_react-dom@19.2.4_react@19.2.4__react@19.2.4_/node_modules/geist/dist/fonts/geist-sans/Geist-Variable.woff2
[90m│[39m  didn't resolve at build time, it will remain unchanged to be resolved
[90m│[39m  at runtime
[90m│[39m
[33m▲[39m  [43mVite[49m
[90m│[39m  ../../../node_modules/.pnpm/geist@1.7.0_next@16.1.7_react-dom@19.2.4_react@19.2.4__react@19.2.4_/node_modules/geist/dist/fonts/geist-mono/GeistMono-Variable.woff2
[90m│[39m  referenced in
[90m│[39m  ../../../node_modules/.pnpm/geist@1.7.0_next@16.1.7_react-dom@19.2.4_react@19.2.4__react@19.2.4_/node_modules/geist/dist/fonts/geist-mono/GeistMono-Variable.woff2
[90m│[39m  didn't resolve at build time, it will remain unchanged to be resolved
[90m│[39m  at runtime
[90m│[39m
[33m▲[39m  [43mVite[49m
[90m│[39m  [33m../../packages/widget-engine/src/templates/sections/activity-chart-section/index.tsx[39m
[90m│[39m  [33m(1:0): Error when using sourcemap for reporting an error: Can't[39m
[90m│[39m  [33mresolve original location of error.[39m
[90m│[39m
[33m▲[39m  [43mVite[49m
[90m│[39m  [33m../../packages/widget-engine/src/templates/sections/activity-chart-section/index.tsx[39m
[90m│[39m  [33m(1:0): Module level directives cause errors when bundled, "use client"[39m
[90m│[39m  [33min[39m
[90m│[39m  [33m"../../packages/widget-engine/src/templates/sections/activity-chart-section/index.tsx"[39m
[90m│[39m  [33mwas ignored.[39m
[90m│[39m
[33m▲[39m  [43mVite[49m
[90m│[39m  [33m../../packages/widget-engine/src/templates/sections/card-list-section/index.tsx[39m
[90m│[39m  [33m(1:0): Error when using sourcemap for reporting an error: Can't[39m
[90m│[39m  [33mresolve original location of error.[39m
[90m│[39m
[33m▲[39m  [43mVite[49m
[90m│[39m  [33m../../packages/widget-engine/src/templates/sections/card-list-section/index.tsx[39m
[90m│[39m  [33m(1:0): Module level directives cause errors when bundled, "use client"[39m
[90m│[39m  [33min[39m
[90m│[39m  [33m"../../packages/widget-engine/src/templates/sections/card-list-section/index.tsx"[39m
[90m│[39m  [33mwas ignored.[39m
[90m│[39m
[33m▲[39m  [43mVite[49m
[90m│[39m  [33m../../packages/widget-engine/src/templates/sections/split-section/index.tsx[39m
[90m│[39m  [33m(1:0): Error when using sourcemap for reporting an error: Can't[39m
[90m│[39m  [33mresolve original location of error.[39m
[90m│[39m
[33m▲[39m  [43mVite[49m
[90m│[39m  [33m../../packages/widget-engine/src/templates/sections/split-section/index.tsx[39m
[90m│[39m  [33m(1:0): Module level directives cause errors when bundled, "use client"[39m
[90m│[39m  [33min[39m
[90m│[39m  [33m"../../packages/widget-engine/src/templates/sections/split-section/index.tsx"[39m
[90m│[39m  [33mwas ignored.[39m
[90m│[39m
[33m▲[39m  [43mVite[49m
[90m│[39m  [33m../../packages/widget-engine/src/templates/sections/chart-section/index.tsx[39m
[90m│[39m  [33m(1:0): Error when using sourcemap for reporting an error: Can't[39m
[90m│[39m  [33mresolve original location of error.[39m
[90m│[39m
[33m▲[39m  [43mVite[49m
[90m│[39m  [33m../../packages/widget-engine/src/templates/sections/chart-section/index.tsx[39m
[90m│[39m  [33m(1:0): Module level directives cause errors when bundled, "use client"[39m
[90m│[39m  [33min[39m
[90m│[39m  [33m"../../packages/widget-engine/src/templates/sections/chart-section/index.tsx"[39m
[90m│[39m  [33mwas ignored.[39m
[90m│[39m
[33m▲[39m  [43mVite[49m
[90m│[39m  [33m../../packages/widget-engine/src/templates/sections/stack-section/index.tsx[39m
[90m│[39m  [33m(1:0): Error when using sourcemap for reporting an error: Can't[39m
[90m│[39m  [33mresolve original location of error.[39m
[90m│[39m
[33m▲[39m  [43mVite[49m
[90m│[39m  [33m../../packages/widget-engine/src/templates/sections/stack-section/index.tsx[39m
[90m│[39m  [33m(1:0): Module level directives cause errors when bundled, "use client"[39m
[90m│[39m  [33min[39m
[90m│[39m  [33m"../../packages/widget-engine/src/templates/sections/stack-section/index.tsx"[39m
[90m│[39m  [33mwas ignored.[39m
[90m│[39m
[33m▲[39m  [43mVite[49m
[90m│[39m  [33m../../packages/widget-engine/src/templates/sections/overview-panel-section/index.tsx[39m
[90m│[39m  [33m(1:0): Error when using sourcemap for reporting an error: Can't[39m
[90m│[39m  [33mresolve original location of error.[39m
[90m│[39m
[33m▲[39m  [43mVite[49m
[90m│[39m  [33m../../packages/widget-engine/src/templates/sections/overview-panel-section/index.tsx[39m
[90m│[39m  [33m(1:0): Module level directives cause errors when bundled, "use client"[39m
[90m│[39m  [33min[39m
[90m│[39m  [33m"../../packages/widget-engine/src/templates/sections/overview-panel-section/index.tsx"[39m
[90m│[39m  [33mwas ignored.[39m
[90m│[39m
[33m▲[39m  [43mVite[49m
[90m│[39m  [33m../../packages/widget-engine/src/templates/sections/kpi-row-section/index.tsx[39m
[90m│[39m  [33m(1:0): Error when using sourcemap for reporting an error: Can't[39m
[90m│[39m  [33mresolve original location of error.[39m
[90m│[39m
[33m▲[39m  [43mVite[49m
[90m│[39m  [33m../../packages/widget-engine/src/templates/sections/kpi-row-section/index.tsx[39m
[90m│[39m  [33m(1:0): Module level directives cause errors when bundled, "use client"[39m
[90m│[39m  [33min[39m
[90m│[39m  [33m"../../packages/widget-engine/src/templates/sections/kpi-row-section/index.tsx"[39m
[90m│[39m  [33mwas ignored.[39m
[90m│[39m
[33m▲[39m  [43mVite[49m
[90m│[39m  [33m../../packages/widget-engine/src/templates/sections/row-list-section/index.tsx[39m
[90m│[39m  [33m(1:0): Error when using sourcemap for reporting an error: Can't[39m
[90m│[39m  [33mresolve original location of error.[39m
[90m│[39m
[33m▲[39m  [43mVite[49m
[90m│[39m  [33m../../packages/widget-engine/src/templates/sections/row-list-section/index.tsx[39m
[90m│[39m  [33m(1:0): Module level directives cause errors when bundled, "use client"[39m
[90m│[39m  [33min[39m
[90m│[39m  [33m"../../packages/widget-engine/src/templates/sections/row-list-section/index.tsx"[39m
[90m│[39m  [33mwas ignored.[39m
[90m│[39m
[33m▲[39m  [43mVite[49m [33m../../widgets/github-stars/src/init.tsx (1:0): Error when using[39m
[90m│[39m  [33msourcemap for reporting an error: Can't resolve original location of[39m
[90m│[39m  [33merror.[39m
[90m│[39m
[33m▲[39m  [43mVite[49m [33m../../widgets/github-stars/src/init.tsx (1:0): Module level[39m
[90m│[39m  [33mdirectives cause errors when bundled, "use client" in[39m
[90m│[39m  [33m"../../widgets/github-stars/src/init.tsx" was ignored.[39m
[90m│[39m
[33m▲[39m  [43mVite[49m
[90m│[39m  [33m../../packages/widget-engine/src/templates/sections/list-section/index.tsx[39m
[90m│[39m  [33m(1:0): Error when using sourcemap for reporting an error: Can't[39m
[90m│[39m  [33mresolve original location of error.[39m
[90m│[39m
[33m▲[39m  [43mVite[49m
[90m│[39m  [33m../../packages/widget-engine/src/templates/sections/list-section/index.tsx[39m
[90m│[39m  [33m(1:0): Module level directives cause errors when bundled, "use client"[39m
[90m│[39m  [33min[39m
[90m│[39m  [33m"../../packages/widget-engine/src/templates/sections/list-section/index.tsx"[39m
[90m│[39m  [33mwas ignored.[39m
[90m│[39m
[33m▲[39m  [43mVite[49m
[90m│[39m  [33m../../packages/widget-engine/src/templates/sections/table-section/index.tsx[39m
[90m│[39m  [33m(1:0): Error when using sourcemap for reporting an error: Can't[39m
[90m│[39m  [33mresolve original location of error.[39m
[90m│[39m
[33m▲[39m  [43mVite[49m
[90m│[39m  [33m../../packages/widget-engine/src/templates/sections/table-section/index.tsx[39m
[90m│[39m  [33m(1:0): Module level directives cause errors when bundled, "use client"[39m
[90m│[39m  [33min[39m
[90m│[39m  [33m"../../packages/widget-engine/src/templates/sections/table-section/index.tsx"[39m
[90m│[39m  [33mwas ignored.[39m
[90m│[39m
[33m▲[39m  [43mVite[49m [33m../../widgets/deployments/src/data-resolver.tsx (1:0): Error when[39m
[90m│[39m  [33musing sourcemap for reporting an error: Can't resolve original[39m
[90m│[39m  [33mlocation of error.[39m
[90m│[39m
[33m▲[39m  [43mVite[49m [33m../../widgets/deployments/src/data-resolver.tsx (1:0): Module[39m
[90m│[39m  [33mlevel directives cause errors when bundled, "use client" in[39m
[90m│[39m  [33m"../../widgets/deployments/src/data-resolver.tsx" was ignored.[39m
[90m│[39m
[33m▲[39m  [43mVite[49m
[90m│[39m  [33m../../packages/widget-engine/src/templates/sections/stream-list-section/index.tsx[39m
[90m│[39m  [33m(1:0): Error when using sourcemap for reporting an error: Can't[39m
[90m│[39m  [33mresolve original location of error.[39m
[90m│[39m
[33m▲[39m  [43mVite[49m
[90m│[39m  [33m../../packages/widget-engine/src/templates/sections/stream-list-section/index.tsx[39m
[90m│[39m  [33m(1:0): Module level directives cause errors when bundled, "use client"[39m
[90m│[39m  [33min[39m
[90m│[39m  [33m"../../packages/widget-engine/src/templates/sections/stream-list-section/index.tsx"[39m
[90m│[39m  [33mwas ignored.[39m
[90m│[39m
[33m▲[39m  [43mVite[49m
[90m│[39m  [33m../../packages/widget-engine/src/templates/sections/tabs-section/index.tsx[39m
[90m│[39m  [33m(1:0): Error when using sourcemap for reporting an error: Can't[39m
[90m│[39m  [33mresolve original location of error.[39m
[90m│[39m
[33m▲[39m  [43mVite[49m
[90m│[39m  [33m../../packages/widget-engine/src/templates/sections/tabs-section/index.tsx[39m
[90m│[39m  [33m(1:0): Module level directives cause errors when bundled, "use client"[39m
[90m│[39m  [33min[39m
[90m│[39m  [33m"../../packages/widget-engine/src/templates/sections/tabs-section/index.tsx"[39m
[90m│[39m  [33mwas ignored.[39m
[90m│[39m
[33m▲[39m  [43mVite[49m
[90m│[39m  [33m../../packages/widget-engine/src/templates/sections/summary-quad-section/index.tsx[39m
[90m│[39m  [33m(1:0): Error when using sourcemap for reporting an error: Can't[39m
[90m│[39m  [33mresolve original location of error.[39m
[90m│[39m
[33m▲[39m  [43mVite[49m
[90m│[39m  [33m../../packages/widget-engine/src/templates/sections/summary-quad-section/index.tsx[39m
[90m│[39m  [33m(1:0): Module level directives cause errors when bundled, "use client"[39m
[90m│[39m  [33min[39m
[90m│[39m  [33m"../../packages/widget-engine/src/templates/sections/summary-quad-section/index.tsx"[39m
[90m│[39m  [33mwas ignored.[39m
[90m│[39m
[33m▲[39m  [43mVite[49m [33m../../widgets/github-stars/src/data-resolver.tsx (1:0): Error[39m
[90m│[39m  [33mwhen using sourcemap for reporting an error: Can't resolve original[39m
[90m│[39m  [33mlocation of error.[39m
[90m│[39m
[33m▲[39m  [43mVite[49m [33m../../widgets/github-stars/src/data-resolver.tsx (1:0): Module[39m
[90m│[39m  [33mlevel directives cause errors when bundled, "use client" in[39m
[90m│[39m  [33m"../../widgets/github-stars/src/data-resolver.tsx" was ignored.[39m
[90m│[39m
[33m▲[39m  [43mVite[49m [33m../../widgets/seo/src/data-resolver.tsx (1:0): Error when using[39m
[90m│[39m  [33msourcemap for reporting an error: Can't resolve original location of[39m
[90m│[39m  [33merror.[39m
[90m│[39m
[33m▲[39m  [43mVite[49m [33m../../widgets/seo/src/data-resolver.tsx (1:0): Module level[39m
[90m│[39m  [33mdirectives cause errors when bundled, "use client" in[39m
[90m│[39m  [33m"../../widgets/seo/src/data-resolver.tsx" was ignored.[39m
[90m│[39m
[33m▲[39m  [43mVite[49m [33m../../widgets/roadmap/src/data-resolver.tsx (1:0): Error when[39m
[90m│[39m  [33musing sourcemap for reporting an error: Can't resolve original[39m
[90m│[39m  [33mlocation of error.[39m
[90m│[39m
[33m▲[39m  [43mVite[49m [33m../../widgets/roadmap/src/data-resolver.tsx (1:0): Module level[39m
[90m│[39m  [33mdirectives cause errors when bundled, "use client" in[39m
[90m│[39m  [33m"../../widgets/roadmap/src/data-resolver.tsx" was ignored.[39m
[90m│[39m
[33m▲[39m  [43mVite[49m [33m../../widgets/seo/src/init.tsx (1:0): Error when using sourcemap[39m
[90m│[39m  [33mfor reporting an error: Can't resolve original location of error.[39m
[90m│[39m
[33m▲[39m  [43mVite[49m [33m../../widgets/seo/src/init.tsx (1:0): Module level directives[39m
[90m│[39m  [33mcause errors when bundled, "use client" in[39m
[90m│[39m  [33m"../../widgets/seo/src/init.tsx" was ignored.[39m
[90m│[39m
[33m▲[39m  [43mVite[49m [33m../../widgets/observability/src/data-resolver.tsx (1:0): Error[39m
[90m│[39m  [33mwhen using sourcemap for reporting an error: Can't resolve original[39m
[90m│[39m  [33mlocation of error.[39m
[90m│[39m
[33m▲[39m  [43mVite[49m [33m../../widgets/observability/src/data-resolver.tsx (1:0): Module[39m
[90m│[39m  [33mlevel directives cause errors when bundled, "use client" in[39m
[90m│[39m  [33m"../../widgets/observability/src/data-resolver.tsx" was ignored.[39m
[90m│[39m
[33m▲[39m  [43mVite[49m [33m../../widgets/revenue/src/data-resolver.tsx (1:0): Error when[39m
[90m│[39m  [33musing sourcemap for reporting an error: Can't resolve original[39m
[90m│[39m  [33mlocation of error.[39m
[90m│[39m
[33m▲[39m  [43mVite[49m [33m../../widgets/revenue/src/data-resolver.tsx (1:0): Module level[39m
[90m│[39m  [33mdirectives cause errors when bundled, "use client" in[39m
[90m│[39m  [33m"../../widgets/revenue/src/data-resolver.tsx" was ignored.[39m
[90m│[39m
[33m▲[39m  [43mVite[49m [33m../../widgets/pulls/src/data-resolver.tsx (1:0): Error when using[39m
[90m│[39m  [33msourcemap for reporting an error: Can't resolve original location of[39m
[90m│[39m  [33merror.[39m
[90m│[39m
[33m▲[39m  [43mVite[49m [33m../../widgets/pulls/src/data-resolver.tsx (1:0): Module level[39m
[90m│[39m  [33mdirectives cause errors when bundled, "use client" in[39m
[90m│[39m  [33m"../../widgets/pulls/src/data-resolver.tsx" was ignored.[39m
[90m│[39m
[33m▲[39m  [43mVite[49m [33m../../widgets/shipping/src/init.tsx (1:0): Error when using[39m
[90m│[39m  [33msourcemap for reporting an error: Can't resolve original location of[39m
[90m│[39m  [33merror.[39m
[90m│[39m
[33m▲[39m  [43mVite[49m [33m../../widgets/shipping/src/init.tsx (1:0): Module level[39m
[90m│[39m  [33mdirectives cause errors when bundled, "use client" in[39m
[90m│[39m  [33m"../../widgets/shipping/src/init.tsx" was ignored.[39m
[90m│[39m
[33m▲[39m  [43mVite[49m
[90m│[39m  [33m../../node_modules/.pnpm/@radix-ui+react-slider@1.3.6_@types+react-dom@19.2.3_@types+react@19.2.14__@types+react_c6a3fae91eb6750caf661d179680cb4a/node_modules/@radix-ui/react-slider/dist/index.mjs[39m
[90m│[39m  [33m(1:0): Module level directives cause errors when bundled, "use client"[39m
[90m│[39m  [33min[39m
[90m│[39m  [33m"../../node_modules/.pnpm/@radix-ui+react-slider@1.3.6_@types+react-dom@19.2.3_@types+react@19.2.14__@types+react_c6a3fae91eb6750caf661d179680cb4a/node_modules/@radix-ui/react-slider/dist/index.mjs"[39m
[90m│[39m  [33mwas ignored.[39m
[90m│[39m
[33m▲[39m  [43mVite[49m [33m../../widgets/npm-downloads/src/data-resolver.tsx (1:0): Error[39m
[90m│[39m  [33mwhen using sourcemap for reporting an error: Can't resolve original[39m
[90m│[39m  [33mlocation of error.[39m
[90m│[39m
[33m▲[39m  [43mVite[49m [33m../../widgets/npm-downloads/src/data-resolver.tsx (1:0): Module[39m
[90m│[39m  [33mlevel directives cause errors when bundled, "use client" in[39m
[90m│[39m  [33m"../../widgets/npm-downloads/src/data-resolver.tsx" was ignored.[39m
[90m│[39m
[33m▲[39m  [43mVite[49m [33m../../widgets/sponsorship/src/init.tsx (1:0): Error when using[39m
[90m│[39m  [33msourcemap for reporting an error: Can't resolve original location of[39m
[90m│[39m  [33merror.[39m
[90m│[39m
[33m▲[39m  [43mVite[49m [33m../../widgets/sponsorship/src/init.tsx (1:0): Module level[39m
[90m│[39m  [33mdirectives cause errors when bundled, "use client" in[39m
[90m│[39m  [33m"../../widgets/sponsorship/src/init.tsx" was ignored.[39m
[90m│[39m
[33m▲[39m  [43mVite[49m [33m../../widgets/sponsorship/src/data-resolver.tsx (1:0): Error when[39m
[90m│[39m  [33musing sourcemap for reporting an error: Can't resolve original[39m
[90m│[39m  [33mlocation of error.[39m
[90m│[39m
[33m▲[39m  [43mVite[49m [33m../../widgets/sponsorship/src/data-resolver.tsx (1:0): Module[39m
[90m│[39m  [33mlevel directives cause errors when bundled, "use client" in[39m
[90m│[39m  [33m"../../widgets/sponsorship/src/data-resolver.tsx" was ignored.[39m
[90m│[39m
[33m▲[39m  [43mVite[49m [33m../../widgets/shipping/src/data-resolver.tsx (1:0): Error when[39m
[90m│[39m  [33musing sourcemap for reporting an error: Can't resolve original[39m
[90m│[39m  [33mlocation of error.[39m
[90m│[39m
[33m▲[39m  [43mVite[49m [33m../../widgets/shipping/src/data-resolver.tsx (1:0): Module level[39m
[90m│[39m  [33mdirectives cause errors when bundled, "use client" in[39m
[90m│[39m  [33m"../../widgets/shipping/src/data-resolver.tsx" was ignored.[39m
[90m│[39m
[33m▲[39m  [43mVite[49m [33m../../packages/widget-engine/src/widget-picker-popover/index.tsx[39m
[90m│[39m  [33m(1:0): Error when using sourcemap for reporting an error: Can't[39m
[90m│[39m  [33mresolve original location of error.[39m
[90m│[39m
[33m▲[39m  [43mVite[49m [33m../../packages/widget-engine/src/widget-picker-popover/index.tsx[39m
[90m│[39m  [33m(1:0): Module level directives cause errors when bundled, "use client"[39m
[90m│[39m  [33min "../../packages/widget-engine/src/widget-picker-popover/index.tsx"[39m
[90m│[39m  [33mwas ignored.[39m
[90m│[39m
[33m▲[39m  [43mVite[49m [33m../../packages/widget-engine/src/widget-modal/index.tsx (1:0):[39m
[90m│[39m  [33mError when using sourcemap for reporting an error: Can't resolve[39m
[90m│[39m  [33moriginal location of error.[39m
[90m│[39m
[33m▲[39m  [43mVite[49m [33m../../packages/widget-engine/src/widget-modal/index.tsx (1:0):[39m
[90m│[39m  [33mModule level directives cause errors when bundled, "use client" in[39m
[90m│[39m  [33m"../../packages/widget-engine/src/widget-modal/index.tsx" was ignored.[39m
[90m│[39m
[33m▲[39m  [43mVite[49m [33m../../packages/widget-engine/src/widget-card/index.tsx (1:0):[39m
[90m│[39m  [33mError when using sourcemap for reporting an error: Can't resolve[39m
[90m│[39m  [33moriginal location of error.[39m
[90m│[39m
[33m▲[39m  [43mVite[49m [33m../../packages/widget-engine/src/widget-card/index.tsx (1:0):[39m
[90m│[39m  [33mModule level directives cause errors when bundled, "use client" in[39m
[90m│[39m  [33m"../../packages/widget-engine/src/widget-card/index.tsx" was ignored.[39m
[90m│[39m
[33m▲[39m  [43mVite[49m [33m../../widgets/analytics/src/hooks/use-analytics.ts (1:0): Error[39m
[90m│[39m  [33mwhen using sourcemap for reporting an error: Can't resolve original[39m
[90m│[39m  [33mlocation of error.[39m
[90m│[39m
[33m▲[39m  [43mVite[49m [33m../../widgets/analytics/src/hooks/use-analytics.ts (1:0): Module[39m
[90m│[39m  [33mlevel directives cause errors when bundled, "use client" in[39m
[90m│[39m  [33m"../../widgets/analytics/src/hooks/use-analytics.ts" was ignored.[39m
[90m│[39m
[33m▲[39m  [43mVite[49m [33m../../packages/ui/src/stat-card/index.tsx (1:0): Error when using[39m
[90m│[39m  [33msourcemap for reporting an error: Can't resolve original location of[39m
[90m│[39m  [33merror.[39m
[90m│[39m
[33m▲[39m  [43mVite[49m [33m../../packages/ui/src/stat-card/index.tsx (1:0): Module level[39m
[90m│[39m  [33mdirectives cause errors when bundled, "use client" in[39m
[90m│[39m  [33m"../../packages/ui/src/stat-card/index.tsx" was ignored.[39m
[90m│[39m
[33m▲[39m  [43mVite[49m [33m../../packages/plugin-sdk/src/host.tsx (1:0): Error when using[39m
[90m│[39m  [33msourcemap for reporting an error: Can't resolve original location of[39m
[90m│[39m  [33merror.[39m
[90m│[39m
[33m▲[39m  [43mVite[49m [33m../../packages/plugin-sdk/src/host.tsx (1:0): Module level[39m
[90m│[39m  [33mdirectives cause errors when bundled, "use client" in[39m
[90m│[39m  [33m"../../packages/plugin-sdk/src/host.tsx" was ignored.[39m
[90m│[39m
[33m▲[39m  [43mVite[49m [33m../../packages/hooks/src/use-effective-timezone.ts (1:0): Error[39m
[90m│[39m  [33mwhen using sourcemap for reporting an error: Can't resolve original[39m
[90m│[39m  [33mlocation of error.[39m
[90m│[39m
[33m▲[39m  [43mVite[49m [33m../../packages/hooks/src/use-effective-timezone.ts (1:0): Module[39m
[90m│[39m  [33mlevel directives cause errors when bundled, "use client" in[39m
[90m│[39m  [33m"../../packages/hooks/src/use-effective-timezone.ts" was ignored.[39m
[90m│[39m
[33m▲[39m  [43mVite[49m [33m../../packages/hooks/src/use-routing-config.ts (1:0): Error when[39m
[90m│[39m  [33musing sourcemap for reporting an error: Can't resolve original[39m
[90m│[39m  [33mlocation of error.[39m
[90m│[39m
[33m▲[39m  [43mVite[49m [33m../../packages/hooks/src/use-routing-config.ts (1:0): Module[39m
[90m│[39m  [33mlevel directives cause errors when bundled, "use client" in[39m
[90m│[39m  [33m"../../packages/hooks/src/use-routing-config.ts" was ignored.[39m
[90m│[39m
[33m▲[39m  [43mVite[49m [33m../app/components/widgets/widget-config-panel/index.tsx (1:0):[39m
[90m│[39m  [33mError when using sourcemap for reporting an error: Can't resolve[39m
[90m│[39m  [33moriginal location of error.[39m
[90m│[39m
[33m▲[39m  [43mVite[49m [33m../app/components/widgets/widget-config-panel/index.tsx (1:0):[39m
[90m│[39m  [33mModule level directives cause errors when bundled, "use client" in[39m
[90m│[39m  [33m"../app/components/widgets/widget-config-panel/index.tsx" was ignored.[39m
[90m│[39m
[33m▲[39m  [43mVite[49m [33m../app/components/debug/sections/events-utils/index.ts (1:0):[39m
[90m│[39m  [33mError when using sourcemap for reporting an error: Can't resolve[39m
[90m│[39m  [33moriginal location of error.[39m
[90m│[39m
[33m▲[39m  [43mVite[49m [33m../app/components/debug/sections/events-utils/index.ts (1:0):[39m
[90m│[39m  [33mModule level directives cause errors when bundled, "use client" in[39m
[90m│[39m  [33m"../app/components/debug/sections/events-utils/index.ts" was ignored.[39m
[90m│[39m
[33m▲[39m  [43mVite[49m [33m../../packages/widget-engine/src/templates/use-formatting.ts[39m
[90m│[39m  [33m(1:0): Error when using sourcemap for reporting an error: Can't[39m
[90m│[39m  [33mresolve original location of error.[39m
[90m│[39m
[33m▲[39m  [43mVite[49m [33m../../packages/widget-engine/src/templates/use-formatting.ts[39m
[90m│[39m  [33m(1:0): Module level directives cause errors when bundled, "use client"[39m
[90m│[39m  [33min "../../packages/widget-engine/src/templates/use-formatting.ts" was[39m
[90m│[39m  [33mignored.[39m
[90m│[39m
[33m▲[39m  [43mVite[49m [33m../../widgets/aso-keywords/src/hooks/use-aso-keywords.ts (1:0):[39m
[90m│[39m  [33mError when using sourcemap for reporting an error: Can't resolve[39m
[90m│[39m  [33moriginal location of error.[39m
[90m│[39m
[33m▲[39m  [43mVite[49m [33m../../widgets/aso-keywords/src/hooks/use-aso-keywords.ts (1:0):[39m
[90m│[39m  [33mModule level directives cause errors when bundled, "use client" in[39m
[90m│[39m  [33m"../../widgets/aso-keywords/src/hooks/use-aso-keywords.ts" was[39m
[90m│[39m  [33mignored.[39m
[90m│[39m
[33m▲[39m  [43mVite[49m
[90m│[39m  [33m../../widgets/bookmarks/src/details/raindrop-collection-detail/index.tsx[39m
[90m│[39m  [33m(1:0): Error when using sourcemap for reporting an error: Can't[39m
[90m│[39m  [33mresolve original location of error.[39m
[90m│[39m
[33m▲[39m  [43mVite[49m
[90m│[39m  [33m../../widgets/bookmarks/src/details/raindrop-collection-detail/index.tsx[39m
[90m│[39m  [33m(1:0): Module level directives cause errors when bundled, "use client"[39m
[90m│[39m  [33min[39m
[90m│[39m  [33m"../../widgets/bookmarks/src/details/raindrop-collection-detail/index.tsx"[39m
[90m│[39m  [33mwas ignored.[39m
[90m│[39m
[33m▲[39m  [43mVite[49m [33m../../widgets/bookmarks/src/hooks/use-raindrop.ts (1:0): Error[39m
[90m│[39m  [33mwhen using sourcemap for reporting an error: Can't resolve original[39m
[90m│[39m  [33mlocation of error.[39m
[90m│[39m
[33m▲[39m  [43mVite[49m [33m../../widgets/bookmarks/src/hooks/use-raindrop.ts (1:0): Module[39m
[90m│[39m  [33mlevel directives cause errors when bundled, "use client" in[39m
[90m│[39m  [33m"../../widgets/bookmarks/src/hooks/use-raindrop.ts" was ignored.[39m
[90m│[39m
[33m▲[39m  [43mVite[49m [33m../app/components/debug/sections/events-timeline/index.tsx (1:0):[39m
[90m│[39m  [33mError when using sourcemap for reporting an error: Can't resolve[39m
[90m│[39m  [33moriginal location of error.[39m
[90m│[39m
[33m▲[39m  [43mVite[49m [33m../app/components/debug/sections/events-timeline/index.tsx (1:0):[39m
[90m│[39m  [33mModule level directives cause errors when bundled, "use client" in[39m
[90m│[39m  [33m"../app/components/debug/sections/events-timeline/index.tsx" was[39m
[90m│[39m  [33mignored.[39m
[90m│[39m
[33m▲[39m  [43mVite[49m [33m../../packages/hooks/src/use-polling-interval.ts (1:0): Error[39m
[90m│[39m  [33mwhen using sourcemap for reporting an error: Can't resolve original[39m
[90m│[39m  [33mlocation of error.[39m
[90m│[39m
[33m▲[39m  [43mVite[49m [33m../../packages/hooks/src/use-polling-interval.ts (1:0): Module[39m
[90m│[39m  [33mlevel directives cause errors when bundled, "use client" in[39m
[90m│[39m  [33m"../../packages/hooks/src/use-polling-interval.ts" was ignored.[39m
[90m│[39m
[33m▲[39m  [43mVite[49m [33m../../packages/hooks/src/use-logs.ts (1:0): Error when using[39m
[90m│[39m  [33msourcemap for reporting an error: Can't resolve original location of[39m
[90m│[39m  [33merror.[39m
[90m│[39m
[33m▲[39m  [43mVite[49m [33m../../packages/hooks/src/use-logs.ts (1:0): Module level[39m
[90m│[39m  [33mdirectives cause errors when bundled, "use client" in[39m
[90m│[39m  [33m"../../packages/hooks/src/use-logs.ts" was ignored.[39m
[90m│[39m
[33m▲[39m  [43mVite[49m
[90m│[39m  [33m../../widgets/github-stars/src/components/stars-expanded/index.tsx[39m
[90m│[39m  [33m(1:0): Error when using sourcemap for reporting an error: Can't[39m
[90m│[39m  [33mresolve original location of error.[39m
[90m│[39m
[33m▲[39m  [43mVite[49m
[90m│[39m  [33m../../widgets/github-stars/src/components/stars-expanded/index.tsx[39m
[90m│[39m  [33m(1:0): Module level directives cause errors when bundled, "use client"[39m
[90m│[39m  [33min[39m
[90m│[39m  [33m"../../widgets/github-stars/src/components/stars-expanded/index.tsx"[39m
[90m│[39m  [33mwas ignored.[39m
[90m│[39m
[33m▲[39m  [43mVite[49m [33m../../widgets/github-commits/src/components/commits-compact.tsx[39m
[90m│[39m  [33m(1:0): Error when using sourcemap for reporting an error: Can't[39m
[90m│[39m  [33mresolve original location of error.[39m
[90m│[39m
[33m▲[39m  [43mVite[49m [33m../../widgets/github-commits/src/components/commits-compact.tsx[39m
[90m│[39m  [33m(1:0): Module level directives cause errors when bundled, "use client"[39m
[90m│[39m  [33min "../../widgets/github-commits/src/components/commits-compact.tsx"[39m
[90m│[39m  [33mwas ignored.[39m
[90m│[39m
[33m▲[39m  [43mVite[49m [33m../../widgets/github-stars/src/components/stars-compact/index.tsx[39m
[90m│[39m  [33m(1:0): Error when using sourcemap for reporting an error: Can't[39m
[90m│[39m  [33mresolve original location of error.[39m
[90m│[39m
[33m▲[39m  [43mVite[49m [33m../../widgets/github-stars/src/components/stars-compact/index.tsx[39m
[90m│[39m  [33m(1:0): Module level directives cause errors when bundled, "use client"[39m
[90m│[39m  [33min "../../widgets/github-stars/src/components/stars-compact/index.tsx"[39m
[90m│[39m  [33mwas ignored.[39m
[90m│[39m
[33m▲[39m  [43mVite[49m [33m../../widgets/github-stars/src/repo-query.ts (1:0): Error when[39m
[90m│[39m  [33musing sourcemap for reporting an error: Can't resolve original[39m
[90m│[39m  [33mlocation of error.[39m
[90m│[39m
[33m▲[39m  [43mVite[49m [33m../../widgets/github-stars/src/repo-query.ts (1:0): Module level[39m
[90m│[39m  [33mdirectives cause errors when bundled, "use client" in[39m
[90m│[39m  [33m"../../widgets/github-stars/src/repo-query.ts" was ignored.[39m
[90m│[39m
[33m▲[39m  [43mVite[49m [33m../../widgets/github-stars/src/hooks/use-github-stars-history.ts[39m
[90m│[39m  [33m(1:0): Error when using sourcemap for reporting an error: Can't[39m
[90m│[39m  [33mresolve original location of error.[39m
[90m│[39m
[33m▲[39m  [43mVite[49m [33m../../widgets/github-stars/src/hooks/use-github-stars-history.ts[39m
[90m│[39m  [33m(1:0): Module level directives cause errors when bundled, "use client"[39m
[90m│[39m  [33min "../../widgets/github-stars/src/hooks/use-github-stars-history.ts"[39m
[90m│[39m  [33mwas ignored.[39m
[90m│[39m
[33m▲[39m  [43mVite[49m [33m../../widgets/deployments/src/hooks/use-deployments.ts (1:0):[39m
[90m│[39m  [33mError when using sourcemap for reporting an error: Can't resolve[39m
[90m│[39m  [33moriginal location of error.[39m
[90m│[39m
[33m▲[39m  [43mVite[49m [33m../../widgets/deployments/src/hooks/use-deployments.ts (1:0):[39m
[90m│[39m  [33mModule level directives cause errors when bundled, "use client" in[39m
[90m│[39m  [33m"../../widgets/deployments/src/hooks/use-deployments.ts" was ignored.[39m
[90m│[39m
[33m▲[39m  [43mVite[49m [33m../../widgets/deployments/src/hooks/use-domains.ts (1:0): Error[39m
[90m│[39m  [33mwhen using sourcemap for reporting an error: Can't resolve original[39m
[90m│[39m  [33mlocation of error.[39m
[90m│[39m
[33m▲[39m  [43mVite[49m [33m../../widgets/deployments/src/hooks/use-domains.ts (1:0): Module[39m
[90m│[39m  [33mlevel directives cause errors when bundled, "use client" in[39m
[90m│[39m  [33m"../../widgets/deployments/src/hooks/use-domains.ts" was ignored.[39m
[90m│[39m
[33m▲[39m  [43mVite[49m [33m../../widgets/builds/src/components/builds-expanded/index.tsx[39m
[90m│[39m  [33m(1:0): Error when using sourcemap for reporting an error: Can't[39m
[90m│[39m  [33mresolve original location of error.[39m
[90m│[39m
[33m▲[39m  [43mVite[49m [33m../../widgets/builds/src/components/builds-expanded/index.tsx[39m
[90m│[39m  [33m(1:0): Module level directives cause errors when bundled, "use client"[39m
[90m│[39m  [33min "../../widgets/builds/src/components/builds-expanded/index.tsx" was[39m
[90m│[39m  [33mignored.[39m
[90m│[39m
[33m▲[39m  [43mVite[49m
[90m│[39m  [33m../../widgets/github-stars/src/components/github-stars-repo-detail/index.tsx[39m
[90m│[39m  [33m(1:0): Error when using sourcemap for reporting an error: Can't[39m
[90m│[39m  [33mresolve original location of error.[39m
[90m│[39m
[33m▲[39m  [43mVite[49m
[90m│[39m  [33m../../widgets/github-stars/src/components/github-stars-repo-detail/index.tsx[39m
[90m│[39m  [33m(1:0): Module level directives cause errors when bundled, "use client"[39m
[90m│[39m  [33min[39m
[90m│[39m  [33m"../../widgets/github-stars/src/components/github-stars-repo-detail/index.tsx"[39m
[90m│[39m  [33mwas ignored.[39m
[90m│[39m
[33m▲[39m  [43mVite[49m
[90m│[39m  [33m../../widgets/deployments/src/components/deployments-compact/index.tsx[39m
[90m│[39m  [33m(1:0): Error when using sourcemap for reporting an error: Can't[39m
[90m│[39m  [33mresolve original location of error.[39m
[90m│[39m
[33m▲[39m  [43mVite[49m
[90m│[39m  [33m../../widgets/deployments/src/components/deployments-compact/index.tsx[39m
[90m│[39m  [33m(1:0): Module level directives cause errors when bundled, "use client"[39m
[90m│[39m  [33min[39m
[90m│[39m  [33m"../../widgets/deployments/src/components/deployments-compact/index.tsx"[39m
[90m│[39m  [33mwas ignored.[39m
[90m│[39m
[33m▲[39m  [43mVite[49m [33m../../widgets/github-commits/src/components/commits-expanded.tsx[39m
[90m│[39m  [33m(1:0): Error when using sourcemap for reporting an error: Can't[39m
[90m│[39m  [33mresolve original location of error.[39m
[90m│[39m
[33m▲[39m  [43mVite[49m [33m../../widgets/github-commits/src/components/commits-expanded.tsx[39m
[90m│[39m  [33m(1:0): Module level directives cause errors when bundled, "use client"[39m
[90m│[39m  [33min "../../widgets/github-commits/src/components/commits-expanded.tsx"[39m
[90m│[39m  [33mwas ignored.[39m
[90m│[39m
[33m▲[39m  [43mVite[49m [33m../../widgets/builds/src/components/builds-compact/index.tsx[39m
[90m│[39m  [33m(1:0): Error when using sourcemap for reporting an error: Can't[39m
[90m│[39m  [33mresolve original location of error.[39m
[90m│[39m
[33m▲[39m  [43mVite[49m [33m../../widgets/builds/src/components/builds-compact/index.tsx[39m
[90m│[39m  [33m(1:0): Module level directives cause errors when bundled, "use client"[39m
[90m│[39m  [33min "../../widgets/builds/src/components/builds-compact/index.tsx" was[39m
[90m│[39m  [33mignored.[39m
[90m│[39m
[33m▲[39m  [43mVite[49m
[90m│[39m  [33m../../node_modules/.pnpm/framer-motion@12.38.0_react-dom@19.2.4_react@19.2.4__react@19.2.4/node_modules/framer-motion/dist/es/motion/index.mjs[39m
[90m│[39m  [33m(1:0): Module level directives cause errors when bundled, "use client"[39m
[90m│[39m  [33min[39m
[90m│[39m  [33m"../../node_modules/.pnpm/framer-motion@12.38.0_react-dom@19.2.4_react@19.2.4__react@19.2.4/node_modules/framer-motion/dist/es/motion/index.mjs"[39m
[90m│[39m  [33mwas ignored.[39m
[90m│[39m
[33m▲[39m  [43mVite[49m [33m../../widgets/observability/src/hooks/use-sentry.ts (1:0): Error[39m
[90m│[39m  [33mwhen using sourcemap for reporting an error: Can't resolve original[39m
[90m│[39m  [33mlocation of error.[39m
[90m│[39m
[33m▲[39m  [43mVite[49m [33m../../widgets/observability/src/hooks/use-sentry.ts (1:0): Module[39m
[90m│[39m  [33mlevel directives cause errors when bundled, "use client" in[39m
[90m│[39m  [33m"../../widgets/observability/src/hooks/use-sentry.ts" was ignored.[39m
[90m│[39m
[33m▲[39m  [43mVite[49m [33m../../widgets/observability/src/hooks/use-health.ts (1:0): Error[39m
[90m│[39m  [33mwhen using sourcemap for reporting an error: Can't resolve original[39m
[90m│[39m  [33mlocation of error.[39m
[90m│[39m
[33m▲[39m  [43mVite[49m [33m../../widgets/observability/src/hooks/use-health.ts (1:0): Module[39m
[90m│[39m  [33mlevel directives cause errors when bundled, "use client" in[39m
[90m│[39m  [33m"../../widgets/observability/src/hooks/use-health.ts" was ignored.[39m
[90m│[39m
[33m▲[39m  [43mVite[49m [33m../../packages/hooks/src/use-effective-locale.ts (1:0): Error[39m
[90m│[39m  [33mwhen using sourcemap for reporting an error: Can't resolve original[39m
[90m│[39m  [33mlocation of error.[39m
[90m│[39m
[33m▲[39m  [43mVite[49m [33m../../packages/hooks/src/use-effective-locale.ts (1:0): Module[39m
[90m│[39m  [33mlevel directives cause errors when bundled, "use client" in[39m
[90m│[39m  [33m"../../packages/hooks/src/use-effective-locale.ts" was ignored.[39m
[90m│[39m
[33m▲[39m  [43mVite[49m [33m../../widgets/seo/src/hooks/use-seo.ts (1:0): Error when using[39m
[90m│[39m  [33msourcemap for reporting an error: Can't resolve original location of[39m
[90m│[39m  [33merror.[39m
[90m│[39m
[33m▲[39m  [43mVite[49m [33m../../widgets/seo/src/hooks/use-seo.ts (1:0): Module level[39m
[90m│[39m  [33mdirectives cause errors when bundled, "use client" in[39m
[90m│[39m  [33m"../../widgets/seo/src/hooks/use-seo.ts" was ignored.[39m
[90m│[39m
[33m▲[39m  [43mVite[49m [33m../../widgets/roadmap/src/hooks/use-roadmap.ts (1:0): Error when[39m
[90m│[39m  [33musing sourcemap for reporting an error: Can't resolve original[39m
[90m│[39m  [33mlocation of error.[39m
[90m│[39m
[33m▲[39m  [43mVite[49m [33m../../widgets/roadmap/src/hooks/use-roadmap.ts (1:0): Module[39m
[90m│[39m  [33mlevel directives cause errors when bundled, "use client" in[39m
[90m│[39m  [33m"../../widgets/roadmap/src/hooks/use-roadmap.ts" was ignored.[39m
[90m│[39m
[33m▲[39m  [43mVite[49m [33m../../widgets/observability/src/hooks/use-app-store.ts (1:0):[39m
[90m│[39m  [33mError when using sourcemap for reporting an error: Can't resolve[39m
[90m│[39m  [33moriginal location of error.[39m
[90m│[39m
[33m▲[39m  [43mVite[49m [33m../../widgets/observability/src/hooks/use-app-store.ts (1:0):[39m
[90m│[39m  [33mModule level directives cause errors when bundled, "use client" in[39m
[90m│[39m  [33m"../../widgets/observability/src/hooks/use-app-store.ts" was ignored.[39m
[90m│[39m
[33m▲[39m  [43mVite[49m
[90m│[39m  [33m../../widgets/deployments/src/components/deployments-expanded/index.tsx[39m
[90m│[39m  [33m(1:0): Error when using sourcemap for reporting an error: Can't[39m
[90m│[39m  [33mresolve original location of error.[39m
[90m│[39m
[33m▲[39m  [43mVite[49m
[90m│[39m  [33m../../widgets/deployments/src/components/deployments-expanded/index.tsx[39m
[90m│[39m  [33m(1:0): Module level directives cause errors when bundled, "use client"[39m
[90m│[39m  [33min[39m
[90m│[39m  [33m"../../widgets/deployments/src/components/deployments-expanded/index.tsx"[39m
[90m│[39m  [33mwas ignored.[39m
[90m│[39m
[33m▲[39m  [43mVite[49m [33m../../widgets/revenue/src/hooks/use-revenue.ts (1:0): Error when[39m
[90m│[39m  [33musing sourcemap for reporting an error: Can't resolve original[39m
[90m│[39m  [33mlocation of error.[39m
[90m│[39m
[33m▲[39m  [43mVite[49m [33m../../widgets/revenue/src/hooks/use-revenue.ts (1:0): Module[39m
[90m│[39m  [33mlevel directives cause errors when bundled, "use client" in[39m
[90m│[39m  [33m"../../widgets/revenue/src/hooks/use-revenue.ts" was ignored.[39m
[90m│[39m
[33m▲[39m  [43mVite[49m [33m../../widgets/pulls/src/hooks/use-github-open-issues.ts (1:0):[39m
[90m│[39m  [33mError when using sourcemap for reporting an error: Can't resolve[39m
[90m│[39m  [33moriginal location of error.[39m
[90m│[39m
[33m▲[39m  [43mVite[49m [33m../../widgets/pulls/src/hooks/use-github-open-issues.ts (1:0):[39m
[90m│[39m  [33mModule level directives cause errors when bundled, "use client" in[39m
[90m│[39m  [33m"../../widgets/pulls/src/hooks/use-github-open-issues.ts" was ignored.[39m
[90m│[39m
[33m▲[39m  [43mVite[49m [33m../../widgets/pulls/src/hooks/use-github-open-prs.ts (1:0): Error[39m
[90m│[39m  [33mwhen using sourcemap for reporting an error: Can't resolve original[39m
[90m│[39m  [33mlocation of error.[39m
[90m│[39m
[33m▲[39m  [43mVite[49m [33m../../widgets/pulls/src/hooks/use-github-open-prs.ts (1:0):[39m
[90m│[39m  [33mModule level directives cause errors when bundled, "use client" in[39m
[90m│[39m  [33m"../../widgets/pulls/src/hooks/use-github-open-prs.ts" was ignored.[39m
[90m│[39m
[33m▲[39m  [43mVite[49m [33m../../widgets/seo/src/components/seo-expanded/index.tsx (1:0):[39m
[90m│[39m  [33mError when using sourcemap for reporting an error: Can't resolve[39m
[90m│[39m  [33moriginal location of error.[39m
[90m│[39m
[33m▲[39m  [43mVite[49m [33m../../widgets/seo/src/components/seo-expanded/index.tsx (1:0):[39m
[90m│[39m  [33mModule level directives cause errors when bundled, "use client" in[39m
[90m│[39m  [33m"../../widgets/seo/src/components/seo-expanded/index.tsx" was ignored.[39m
[90m│[39m
[33m▲[39m  [43mVite[49m [33m../../widgets/seo/src/components/seo-query-detail/index.tsx[39m
[90m│[39m  [33m(1:0): Error when using sourcemap for reporting an error: Can't[39m
[90m│[39m  [33mresolve original location of error.[39m
[90m│[39m
[33m▲[39m  [43mVite[49m [33m../../widgets/seo/src/components/seo-query-detail/index.tsx[39m
[90m│[39m  [33m(1:0): Module level directives cause errors when bundled, "use client"[39m
[90m│[39m  [33min "../../widgets/seo/src/components/seo-query-detail/index.tsx" was[39m
[90m│[39m  [33mignored.[39m
[90m│[39m
[33m▲[39m  [43mVite[49m
[90m│[39m  [33m../../widgets/observability/src/components/observability-expanded/index.tsx[39m
[90m│[39m  [33m(1:0): Error when using sourcemap for reporting an error: Can't[39m
[90m│[39m  [33mresolve original location of error.[39m
[90m│[39m
[33m▲[39m  [43mVite[49m
[90m│[39m  [33m../../widgets/observability/src/components/observability-expanded/index.tsx[39m
[90m│[39m  [33m(1:0): Module level directives cause errors when bundled, "use client"[39m
[90m│[39m  [33min[39m
[90m│[39m  [33m"../../widgets/observability/src/components/observability-expanded/index.tsx"[39m
[90m│[39m  [33mwas ignored.[39m
[90m│[39m
[33m▲[39m  [43mVite[49m [33m../../widgets/seo/src/components/seo-compact/index.tsx (1:0):[39m
[90m│[39m  [33mError when using sourcemap for reporting an error: Can't resolve[39m
[90m│[39m  [33moriginal location of error.[39m
[90m│[39m
[33m▲[39m  [43mVite[49m [33m../../widgets/seo/src/components/seo-compact/index.tsx (1:0):[39m
[90m│[39m  [33mModule level directives cause errors when bundled, "use client" in[39m
[90m│[39m  [33m"../../widgets/seo/src/components/seo-compact/index.tsx" was ignored.[39m
[90m│[39m
[33m▲[39m  [43mVite[49m
[90m│[39m  [33m../../widgets/observability/src/components/observability-compact/index.tsx[39m
[90m│[39m  [33m(1:0): Error when using sourcemap for reporting an error: Can't[39m
[90m│[39m  [33mresolve original location of error.[39m
[90m│[39m
[33m▲[39m  [43mVite[49m
[90m│[39m  [33m../../widgets/observability/src/components/observability-compact/index.tsx[39m
[90m│[39m  [33m(1:0): Module level directives cause errors when bundled, "use client"[39m
[90m│[39m  [33min[39m
[90m│[39m  [33m"../../widgets/observability/src/components/observability-compact/index.tsx"[39m
[90m│[39m  [33mwas ignored.[39m
[90m│[39m
[33m▲[39m  [43mVite[49m
[90m│[39m  [33m../../widgets/vercel-domains/src/components/domains-compact/index.tsx[39m
[90m│[39m  [33m(1:0): Error when using sourcemap for reporting an error: Can't[39m
[90m│[39m  [33mresolve original location of error.[39m
[90m│[39m
[33m▲[39m  [43mVite[49m
[90m│[39m  [33m../../widgets/vercel-domains/src/components/domains-compact/index.tsx[39m
[90m│[39m  [33m(1:0): Module level directives cause errors when bundled, "use client"[39m
[90m│[39m  [33min[39m
[90m│[39m  [33m"../../widgets/vercel-domains/src/components/domains-compact/index.tsx"[39m
[90m│[39m  [33mwas ignored.[39m
[90m│[39m
[33m▲[39m  [43mVite[49m
[90m│[39m  [33m../../widgets/vercel-domains/src/components/domains-expanded/index.tsx[39m
[90m│[39m  [33m(1:0): Error when using sourcemap for reporting an error: Can't[39m
[90m│[39m  [33mresolve original location of error.[39m
[90m│[39m
[33m▲[39m  [43mVite[49m
[90m│[39m  [33m../../widgets/vercel-domains/src/components/domains-expanded/index.tsx[39m
[90m│[39m  [33m(1:0): Module level directives cause errors when bundled, "use client"[39m
[90m│[39m  [33min[39m
[90m│[39m  [33m"../../widgets/vercel-domains/src/components/domains-expanded/index.tsx"[39m
[90m│[39m  [33mwas ignored.[39m
[90m│[39m
[33m▲[39m  [43mVite[49m [33m../../widgets/sponsorship/src/hooks/use-github-sponsors.ts (1:0):[39m
[90m│[39m  [33mError when using sourcemap for reporting an error: Can't resolve[39m
[90m│[39m  [33moriginal location of error.[39m
[90m│[39m
[33m▲[39m  [43mVite[49m [33m../../widgets/sponsorship/src/hooks/use-github-sponsors.ts (1:0):[39m
[90m│[39m  [33mModule level directives cause errors when bundled, "use client" in[39m
[90m│[39m  [33m"../../widgets/sponsorship/src/hooks/use-github-sponsors.ts" was[39m
[90m│[39m  [33mignored.[39m
[90m│[39m
[33m▲[39m  [43mVite[49m [33m../../widgets/sponsorship/src/hooks/use-open-collective.ts (1:0):[39m
[90m│[39m  [33mError when using sourcemap for reporting an error: Can't resolve[39m
[90m│[39m  [33moriginal location of error.[39m
[90m│[39m
[33m▲[39m  [43mVite[49m [33m../../widgets/sponsorship/src/hooks/use-open-collective.ts (1:0):[39m
[90m│[39m  [33mModule level directives cause errors when bundled, "use client" in[39m
[90m│[39m  [33m"../../widgets/sponsorship/src/hooks/use-open-collective.ts" was[39m
[90m│[39m  [33mignored.[39m
[90m│[39m
[33m▲[39m  [43mVite[49m [33m../../widgets/roadmap/src/components/roadmap-compact/index.tsx[39m
[90m│[39m  [33m(1:0): Error when using sourcemap for reporting an error: Can't[39m
[90m│[39m  [33mresolve original location of error.[39m
[90m│[39m
[33m▲[39m  [43mVite[49m [33m../../widgets/roadmap/src/components/roadmap-compact/index.tsx[39m
[90m│[39m  [33m(1:0): Module level directives cause errors when bundled, "use client"[39m
[90m│[39m  [33min "../../widgets/roadmap/src/components/roadmap-compact/index.tsx"[39m
[90m│[39m  [33mwas ignored.[39m
[90m│[39m
[33m▲[39m  [43mVite[49m [33m../../widgets/projects/src/components/projects-expanded/index.tsx[39m
[90m│[39m  [33m(1:0): Error when using sourcemap for reporting an error: Can't[39m
[90m│[39m  [33mresolve original location of error.[39m
[90m│[39m
[33m▲[39m  [43mVite[49m [33m../../widgets/projects/src/components/projects-expanded/index.tsx[39m
[90m│[39m  [33m(1:0): Module level directives cause errors when bundled, "use client"[39m
[90m│[39m  [33min "../../widgets/projects/src/components/projects-expanded/index.tsx"[39m
[90m│[39m  [33mwas ignored.[39m
[90m│[39m
[33m▲[39m  [43mVite[49m [33m../../widgets/projects/src/components/projects-compact/index.tsx[39m
[90m│[39m  [33m(1:0): Error when using sourcemap for reporting an error: Can't[39m
[90m│[39m  [33mresolve original location of error.[39m
[90m│[39m
[33m▲[39m  [43mVite[49m [33m../../widgets/projects/src/components/projects-compact/index.tsx[39m
[90m│[39m  [33m(1:0): Module level directives cause errors when bundled, "use client"[39m
[90m│[39m  [33min "../../widgets/projects/src/components/projects-compact/index.tsx"[39m
[90m│[39m  [33mwas ignored.[39m
[90m│[39m
[33m▲[39m  [43mVite[49m
[90m│[39m  [33m../../widgets/npm-downloads/src/components/downloads-compact/index.tsx[39m
[90m│[39m  [33m(1:0): Error when using sourcemap for reporting an error: Can't[39m
[90m│[39m  [33mresolve original location of error.[39m
[90m│[39m
[33m▲[39m  [43mVite[49m
[90m│[39m  [33m../../widgets/npm-downloads/src/components/downloads-compact/index.tsx[39m
[90m│[39m  [33m(1:0): Module level directives cause errors when bundled, "use client"[39m
[90m│[39m  [33min[39m
[90m│[39m  [33m"../../widgets/npm-downloads/src/components/downloads-compact/index.tsx"[39m
[90m│[39m  [33mwas ignored.[39m
[90m│[39m
[33m▲[39m  [43mVite[49m [33m../../widgets/roadmap/src/components/roadmap-expanded/index.tsx[39m
[90m│[39m  [33m(1:0): Error when using sourcemap for reporting an error: Can't[39m
[90m│[39m  [33mresolve original location of error.[39m
[90m│[39m
[33m▲[39m  [43mVite[49m [33m../../widgets/roadmap/src/components/roadmap-expanded/index.tsx[39m
[90m│[39m  [33m(1:0): Module level directives cause errors when bundled, "use client"[39m
[90m│[39m  [33min "../../widgets/roadmap/src/components/roadmap-expanded/index.tsx"[39m
[90m│[39m  [33mwas ignored.[39m
[90m│[39m
[33m▲[39m  [43mVite[49m [33m../../widgets/pulls/src/components/pulls-compact/index.tsx (1:0):[39m
[90m│[39m  [33mError when using sourcemap for reporting an error: Can't resolve[39m
[90m│[39m  [33moriginal location of error.[39m
[90m│[39m
[33m▲[39m  [43mVite[49m [33m../../widgets/pulls/src/components/pulls-compact/index.tsx (1:0):[39m
[90m│[39m  [33mModule level directives cause errors when bundled, "use client" in[39m
[90m│[39m  [33m"../../widgets/pulls/src/components/pulls-compact/index.tsx" was[39m
[90m│[39m  [33mignored.[39m
[90m│[39m
[33m▲[39m  [43mVite[49m
[90m│[39m  [33m../../node_modules/.pnpm/framer-motion@12.38.0_react-dom@19.2.4_react@19.2.4__react@19.2.4/node_modules/framer-motion/dist/es/context/MotionContext/create.mjs[39m
[90m│[39m  [33m(1:0): Module level directives cause errors when bundled, "use client"[39m
[90m│[39m  [33min[39m
[90m│[39m  [33m"../../node_modules/.pnpm/framer-motion@12.38.0_react-dom@19.2.4_react@19.2.4__react@19.2.4/node_modules/framer-motion/dist/es/context/MotionContext/create.mjs"[39m
[90m│[39m  [33mwas ignored.[39m
[90m│[39m
[33m▲[39m  [43mVite[49m
[90m│[39m  [33m../../node_modules/.pnpm/framer-motion@12.38.0_react-dom@19.2.4_react@19.2.4__react@19.2.4/node_modules/framer-motion/dist/es/render/svg/use-svg-visual-state.mjs[39m
[90m│[39m  [33m(1:0): Module level directives cause errors when bundled, "use client"[39m
[90m│[39m  [33min[39m
[90m│[39m  [33m"../../node_modules/.pnpm/framer-motion@12.38.0_react-dom@19.2.4_react@19.2.4__react@19.2.4/node_modules/framer-motion/dist/es/render/svg/use-svg-visual-state.mjs"[39m
[90m│[39m  [33mwas ignored.[39m
[90m│[39m
[33m▲[39m  [43mVite[49m
[90m│[39m  [33m../../node_modules/.pnpm/framer-motion@12.38.0_react-dom@19.2.4_react@19.2.4__react@19.2.4/node_modules/framer-motion/dist/es/render/dom/use-render.mjs[39m
[90m│[39m  [33m(1:0): Module level directives cause errors when bundled, "use client"[39m
[90m│[39m  [33min[39m
[90m│[39m  [33m"../../node_modules/.pnpm/framer-motion@12.38.0_react-dom@19.2.4_react@19.2.4__react@19.2.4/node_modules/framer-motion/dist/es/render/dom/use-render.mjs"[39m
[90m│[39m  [33mwas ignored.[39m
[90m│[39m
[33m▲[39m  [43mVite[49m
[90m│[39m  [33m../../node_modules/.pnpm/framer-motion@12.38.0_react-dom@19.2.4_react@19.2.4__react@19.2.4/node_modules/framer-motion/dist/es/render/html/use-html-visual-state.mjs[39m
[90m│[39m  [33m(1:0): Module level directives cause errors when bundled, "use client"[39m
[90m│[39m  [33min[39m
[90m│[39m  [33m"../../node_modules/.pnpm/framer-motion@12.38.0_react-dom@19.2.4_react@19.2.4__react@19.2.4/node_modules/framer-motion/dist/es/render/html/use-html-visual-state.mjs"[39m
[90m│[39m  [33mwas ignored.[39m
[90m│[39m
[33m▲[39m  [43mVite[49m
[90m│[39m  [33m../../node_modules/.pnpm/framer-motion@12.38.0_react-dom@19.2.4_react@19.2.4__react@19.2.4/node_modules/framer-motion/dist/es/motion/utils/use-motion-ref.mjs[39m
[90m│[39m  [33m(1:0): Module level directives cause errors when bundled, "use client"[39m
[90m│[39m  [33min[39m
[90m│[39m  [33m"../../node_modules/.pnpm/framer-motion@12.38.0_react-dom@19.2.4_react@19.2.4__react@19.2.4/node_modules/framer-motion/dist/es/motion/utils/use-motion-ref.mjs"[39m
[90m│[39m  [33mwas ignored.[39m
[90m│[39m
[33m▲[39m  [43mVite[49m
[90m│[39m  [33m../../node_modules/.pnpm/framer-motion@12.38.0_react-dom@19.2.4_react@19.2.4__react@19.2.4/node_modules/framer-motion/dist/es/motion/utils/use-visual-element.mjs[39m
[90m│[39m  [33m(1:0): Module level directives cause errors when bundled, "use client"[39m
[90m│[39m  [33min[39m
[90m│[39m  [33m"../../node_modules/.pnpm/framer-motion@12.38.0_react-dom@19.2.4_react@19.2.4__react@19.2.4/node_modules/framer-motion/dist/es/motion/utils/use-visual-element.mjs"[39m
[90m│[39m  [33mwas ignored.[39m
[90m│[39m
[33m▲[39m  [43mVite[49m [33m../../widgets/pulls/src/components/pulls-expanded/index.tsx[39m
[90m│[39m  [33m(1:0): Error when using sourcemap for reporting an error: Can't[39m
[90m│[39m  [33mresolve original location of error.[39m
[90m│[39m
[33m▲[39m  [43mVite[49m [33m../../widgets/pulls/src/components/pulls-expanded/index.tsx[39m
[90m│[39m  [33m(1:0): Module level directives cause errors when bundled, "use client"[39m
[90m│[39m  [33min "../../widgets/pulls/src/components/pulls-expanded/index.tsx" was[39m
[90m│[39m  [33mignored.[39m
[90m│[39m
[33m▲[39m  [43mVite[49m [33m../../packages/charts/src/bar-chart.tsx (1:0): Error when using[39m
[90m│[39m  [33msourcemap for reporting an error: Can't resolve original location of[39m
[90m│[39m  [33merror.[39m
[90m│[39m
[33m▲[39m  [43mVite[49m [33m../../packages/charts/src/bar-chart.tsx (1:0): Module level[39m
[90m│[39m  [33mdirectives cause errors when bundled, "use client" in[39m
[90m│[39m  [33m"../../packages/charts/src/bar-chart.tsx" was ignored.[39m
[90m│[39m
[33m▲[39m  [43mVite[49m [33m../../widgets/shipping/src/hooks/use-shipping.ts (1:0): Error[39m
[90m│[39m  [33mwhen using sourcemap for reporting an error: Can't resolve original[39m
[90m│[39m  [33mlocation of error.[39m
[90m│[39m
[33m▲[39m  [43mVite[49m [33m../../widgets/shipping/src/hooks/use-shipping.ts (1:0): Module[39m
[90m│[39m  [33mlevel directives cause errors when bundled, "use client" in[39m
[90m│[39m  [33m"../../widgets/shipping/src/hooks/use-shipping.ts" was ignored.[39m
[90m│[39m
[33m▲[39m  [43mVite[49m [33m../../packages/charts/src/line-chart.tsx (1:0): Error when using[39m
[90m│[39m  [33msourcemap for reporting an error: Can't resolve original location of[39m
[90m│[39m  [33merror.[39m
[90m│[39m
[33m▲[39m  [43mVite[49m [33m../../packages/charts/src/line-chart.tsx (1:0): Module level[39m
[90m│[39m  [33mdirectives cause errors when bundled, "use client" in[39m
[90m│[39m  [33m"../../packages/charts/src/line-chart.tsx" was ignored.[39m
[90m│[39m
[33m▲[39m  [43mVite[49m [33m../../packages/charts/src/area-chart.tsx (1:0): Error when using[39m
[90m│[39m  [33msourcemap for reporting an error: Can't resolve original location of[39m
[90m│[39m  [33merror.[39m
[90m│[39m
[33m▲[39m  [43mVite[49m [33m../../packages/charts/src/area-chart.tsx (1:0): Module level[39m
[90m│[39m  [33mdirectives cause errors when bundled, "use client" in[39m
[90m│[39m  [33m"../../packages/charts/src/area-chart.tsx" was ignored.[39m
[90m│[39m
[33m▲[39m  [43mVite[49m
[90m│[39m  [33m../../widgets/npm-downloads/src/components/downloads-expanded/index.tsx[39m
[90m│[39m  [33m(1:0): Error when using sourcemap for reporting an error: Can't[39m
[90m│[39m  [33mresolve original location of error.[39m
[90m│[39m
[33m▲[39m  [43mVite[49m
[90m│[39m  [33m../../widgets/npm-downloads/src/components/downloads-expanded/index.tsx[39m
[90m│[39m  [33m(1:0): Module level directives cause errors when bundled, "use client"[39m
[90m│[39m  [33min[39m
[90m│[39m  [33m"../../widgets/npm-downloads/src/components/downloads-expanded/index.tsx"[39m
[90m│[39m  [33mwas ignored.[39m
[90m│[39m
[33m▲[39m  [43mVite[49m [33m../../widgets/sponsorship/src/components/sponsor-detail/index.tsx[39m
[90m│[39m  [33m(1:0): Error when using sourcemap for reporting an error: Can't[39m
[90m│[39m  [33mresolve original location of error.[39m
[90m│[39m
[33m▲[39m  [43mVite[49m [33m../../widgets/sponsorship/src/components/sponsor-detail/index.tsx[39m
[90m│[39m  [33m(1:0): Module level directives cause errors when bundled, "use client"[39m
[90m│[39m  [33min "../../widgets/sponsorship/src/components/sponsor-detail/index.tsx"[39m
[90m│[39m  [33mwas ignored.[39m
[90m│[39m
[33m▲[39m  [43mVite[49m [33m../../widgets/shipping/src/components/shipping-expanded/index.tsx[39m
[90m│[39m  [33m(1:0): Error when using sourcemap for reporting an error: Can't[39m
[90m│[39m  [33mresolve original location of error.[39m
[90m│[39m
[33m▲[39m  [43mVite[49m [33m../../widgets/shipping/src/components/shipping-expanded/index.tsx[39m
[90m│[39m  [33m(1:0): Module level directives cause errors when bundled, "use client"[39m
[90m│[39m  [33min "../../widgets/shipping/src/components/shipping-expanded/index.tsx"[39m
[90m│[39m  [33mwas ignored.[39m
[90m│[39m
[33m▲[39m  [43mVite[49m [33m../../widgets/sponsorship/src/components/member-detail/index.tsx[39m
[90m│[39m  [33m(1:0): Error when using sourcemap for reporting an error: Can't[39m
[90m│[39m  [33mresolve original location of error.[39m
[90m│[39m
[33m▲[39m  [43mVite[49m [33m../../widgets/sponsorship/src/components/member-detail/index.tsx[39m
[90m│[39m  [33m(1:0): Module level directives cause errors when bundled, "use client"[39m
[90m│[39m  [33min "../../widgets/sponsorship/src/components/member-detail/index.tsx"[39m
[90m│[39m  [33mwas ignored.[39m
[90m│[39m
[33m▲[39m  [43mVite[49m [33m../../widgets/shipping/src/components/shipping-compact/index.tsx[39m
[90m│[39m  [33m(1:0): Error when using sourcemap for reporting an error: Can't[39m
[90m│[39m  [33mresolve original location of error.[39m
[90m│[39m
[33m▲[39m  [43mVite[49m [33m../../widgets/shipping/src/components/shipping-compact/index.tsx[39m
[90m│[39m  [33m(1:0): Module level directives cause errors when bundled, "use client"[39m
[90m│[39m  [33min "../../widgets/shipping/src/components/shipping-compact/index.tsx"[39m
[90m│[39m  [33mwas ignored.[39m
[90m│[39m
[33m▲[39m  [43mVite[49m [33m../../packages/charts/src/sparkline.tsx (1:0): Error when using[39m
[90m│[39m  [33msourcemap for reporting an error: Can't resolve original location of[39m
[90m│[39m  [33merror.[39m
[90m│[39m
[33m▲[39m  [43mVite[49m [33m../../packages/charts/src/sparkline.tsx (1:0): Module level[39m
[90m│[39m  [33mdirectives cause errors when bundled, "use client" in[39m
[90m│[39m  [33m"../../packages/charts/src/sparkline.tsx" was ignored.[39m
[90m│[39m
[33m▲[39m  [43mVite[49m
[90m│[39m  [33m../../widgets/sponsorship/src/components/transaction-detail/index.tsx[39m
[90m│[39m  [33m(1:0): Error when using sourcemap for reporting an error: Can't[39m
[90m│[39m  [33mresolve original location of error.[39m
[90m│[39m
[33m▲[39m  [43mVite[49m
[90m│[39m  [33m../../widgets/sponsorship/src/components/transaction-detail/index.tsx[39m
[90m│[39m  [33m(1:0): Module level directives cause errors when bundled, "use client"[39m
[90m│[39m  [33min[39m
[90m│[39m  [33m"../../widgets/sponsorship/src/components/transaction-detail/index.tsx"[39m
[90m│[39m  [33mwas ignored.[39m
[90m│[39m
[33m▲[39m  [43mVite[49m [33m../../packages/widget-engine/src/widget-expanded-motion.ts (1:0):[39m
[90m│[39m  [33mError when using sourcemap for reporting an error: Can't resolve[39m
[90m│[39m  [33moriginal location of error.[39m
[90m│[39m
[33m▲[39m  [43mVite[49m [33m../../packages/widget-engine/src/widget-expanded-motion.ts (1:0):[39m
[90m│[39m  [33mModule level directives cause errors when bundled, "use client" in[39m
[90m│[39m  [33m"../../packages/widget-engine/src/widget-expanded-motion.ts" was[39m
[90m│[39m  [33mignored.[39m
[90m│[39m
[33m▲[39m  [43mVite[49m [33m../../packages/widget-engine/src/expanded-portal/index.tsx (1:0):[39m
[90m│[39m  [33mError when using sourcemap for reporting an error: Can't resolve[39m
[90m│[39m  [33moriginal location of error.[39m
[90m│[39m
[33m▲[39m  [43mVite[49m [33m../../packages/widget-engine/src/expanded-portal/index.tsx (1:0):[39m
[90m│[39m  [33mModule level directives cause errors when bundled, "use client" in[39m
[90m│[39m  [33m"../../packages/widget-engine/src/expanded-portal/index.tsx" was[39m
[90m│[39m  [33mignored.[39m
[90m│[39m
[33m▲[39m  [43mVite[49m [33m../../widgets/shipping/src/components/shipping-detail/index.tsx[39m
[90m│[39m  [33m(1:0): Error when using sourcemap for reporting an error: Can't[39m
[90m│[39m  [33mresolve original location of error.[39m
[90m│[39m
[33m▲[39m  [43mVite[49m [33m../../widgets/shipping/src/components/shipping-detail/index.tsx[39m
[90m│[39m  [33m(1:0): Module level directives cause errors when bundled, "use client"[39m
[90m│[39m  [33min "../../widgets/shipping/src/components/shipping-detail/index.tsx"[39m
[90m│[39m  [33mwas ignored.[39m
[90m│[39m
[33m▲[39m  [43mVite[49m [33m../app/components/shared/remote-service-icon.tsx (1:0): Error[39m
[90m│[39m  [33mwhen using sourcemap for reporting an error: Can't resolve original[39m
[90m│[39m  [33mlocation of error.[39m
[90m│[39m
[33m▲[39m  [43mVite[49m [33m../app/components/shared/remote-service-icon.tsx (1:0): Module[39m
[90m│[39m  [33mlevel directives cause errors when bundled, "use client" in[39m
[90m│[39m  [33m"../app/components/shared/remote-service-icon.tsx" was ignored.[39m
[90m│[39m
[33m▲[39m  [43mVite[49m
[90m│[39m  [33m../../packages/widget-engine/src/components/freshness-indicator/index.tsx[39m
[90m│[39m  [33m(1:0): Error when using sourcemap for reporting an error: Can't[39m
[90m│[39m  [33mresolve original location of error.[39m
[90m│[39m
[33m▲[39m  [43mVite[49m
[90m│[39m  [33m../../packages/widget-engine/src/components/freshness-indicator/index.tsx[39m
[90m│[39m  [33m(1:0): Module level directives cause errors when bundled, "use client"[39m
[90m│[39m  [33min[39m
[90m│[39m  [33m"../../packages/widget-engine/src/components/freshness-indicator/index.tsx"[39m
[90m│[39m  [33mwas ignored.[39m
[90m│[39m
[33m▲[39m  [43mVite[49m [33m../app/hooks/settings/use-settings.ts (1:0): Error when using[39m
[90m│[39m  [33msourcemap for reporting an error: Can't resolve original location of[39m
[90m│[39m  [33merror.[39m
[90m│[39m
[33m▲[39m  [43mVite[49m [33m../app/hooks/settings/use-settings.ts (1:0): Module level[39m
[90m│[39m  [33mdirectives cause errors when bundled, "use client" in[39m
[90m│[39m  [33m"../app/hooks/settings/use-settings.ts" was ignored.[39m
[90m│[39m
[33m▲[39m  [43mVite[49m [33m../../packages/hooks/src/use-dashboard.tsx (1:0): Error when[39m
[90m│[39m  [33musing sourcemap for reporting an error: Can't resolve original[39m
[90m│[39m  [33mlocation of error.[39m
[90m│[39m
[33m▲[39m  [43mVite[49m [33m../../packages/hooks/src/use-dashboard.tsx (1:0): Module level[39m
[90m│[39m  [33mdirectives cause errors when bundled, "use client" in[39m
[90m│[39m  [33m"../../packages/hooks/src/use-dashboard.tsx" was ignored.[39m
[90m│[39m
[33m▲[39m  [43mVite[49m [33m../../packages/widget-engine/src/hooks/use-widget-callbacks.ts[39m
[90m│[39m  [33m(1:0): Error when using sourcemap for reporting an error: Can't[39m
[90m│[39m  [33mresolve original location of error.[39m
[90m│[39m
[33m▲[39m  [43mVite[49m [33m../../packages/widget-engine/src/hooks/use-widget-callbacks.ts[39m
[90m│[39m  [33m(1:0): Module level directives cause errors when bundled, "use client"[39m
[90m│[39m  [33min "../../packages/widget-engine/src/hooks/use-widget-callbacks.ts"[39m
[90m│[39m  [33mwas ignored.[39m
[90m│[39m
[33m▲[39m  [43mVite[49m [33m../../widgets/github-commits/src/hooks/use-github-commits.ts[39m
[90m│[39m  [33m(1:0): Error when using sourcemap for reporting an error: Can't[39m
[90m│[39m  [33mresolve original location of error.[39m
[90m│[39m
[33m▲[39m  [43mVite[49m [33m../../widgets/github-commits/src/hooks/use-github-commits.ts[39m
[90m│[39m  [33m(1:0): Module level directives cause errors when bundled, "use client"[39m
[90m│[39m  [33min "../../widgets/github-commits/src/hooks/use-github-commits.ts" was[39m
[90m│[39m  [33mignored.[39m
[90m│[39m
[33m▲[39m  [43mVite[49m [33m../../widgets/builds/src/hooks/use-builds.ts (1:0): Error when[39m
[90m│[39m  [33musing sourcemap for reporting an error: Can't resolve original[39m
[90m│[39m  [33mlocation of error.[39m
[90m│[39m
[33m▲[39m  [43mVite[49m [33m../../widgets/builds/src/hooks/use-builds.ts (1:0): Module level[39m
[90m│[39m  [33mdirectives cause errors when bundled, "use client" in[39m
[90m│[39m  [33m"../../widgets/builds/src/hooks/use-builds.ts" was ignored.[39m
[90m│[39m
[33m▲[39m  [43mVite[49m [33m../app/components/widgets/widget-visual-editor/index.tsx (1:0):[39m
[90m│[39m  [33mError when using sourcemap for reporting an error: Can't resolve[39m
[90m│[39m  [33moriginal location of error.[39m
[90m│[39m
[33m▲[39m  [43mVite[49m [33m../app/components/widgets/widget-visual-editor/index.tsx (1:0):[39m
[90m│[39m  [33mModule level directives cause errors when bundled, "use client" in[39m
[90m│[39m  [33m"../app/components/widgets/widget-visual-editor/index.tsx" was[39m
[90m│[39m  [33mignored.[39m
[90m│[39m
[33m▲[39m  [43mVite[49m [33m../../widgets/seo/src/hooks/use-seo-query.ts (1:0): Error when[39m
[90m│[39m  [33musing sourcemap for reporting an error: Can't resolve original[39m
[90m│[39m  [33mlocation of error.[39m
[90m│[39m
[33m▲[39m  [43mVite[49m [33m../../widgets/seo/src/hooks/use-seo-query.ts (1:0): Module level[39m
[90m│[39m  [33mdirectives cause errors when bundled, "use client" in[39m
[90m│[39m  [33m"../../widgets/seo/src/hooks/use-seo-query.ts" was ignored.[39m
[90m│[39m
[33m▲[39m  [43mVite[49m
[90m│[39m  [33m../../node_modules/.pnpm/framer-motion@12.38.0_react-dom@19.2.4_react@19.2.4__react@19.2.4/node_modules/framer-motion/dist/es/render/svg/use-props.mjs[39m
[90m│[39m  [33m(1:0): Module level directives cause errors when bundled, "use client"[39m
[90m│[39m  [33min[39m
[90m│[39m  [33m"../../node_modules/.pnpm/framer-motion@12.38.0_react-dom@19.2.4_react@19.2.4__react@19.2.4/node_modules/framer-motion/dist/es/render/svg/use-props.mjs"[39m
[90m│[39m  [33mwas ignored.[39m
[90m│[39m
[33m▲[39m  [43mVite[49m
[90m│[39m  [33m../../node_modules/.pnpm/framer-motion@12.38.0_react-dom@19.2.4_react@19.2.4__react@19.2.4/node_modules/framer-motion/dist/es/render/html/use-props.mjs[39m
[90m│[39m  [33m(1:0): Module level directives cause errors when bundled, "use client"[39m
[90m│[39m  [33min[39m
[90m│[39m  [33m"../../node_modules/.pnpm/framer-motion@12.38.0_react-dom@19.2.4_react@19.2.4__react@19.2.4/node_modules/framer-motion/dist/es/render/html/use-props.mjs"[39m
[90m│[39m  [33mwas ignored.[39m
[90m│[39m
[33m▲[39m  [43mVite[49m [33m../../widgets/vercel-domains/src/hooks/use-domains.ts (1:0):[39m
[90m│[39m  [33mError when using sourcemap for reporting an error: Can't resolve[39m
[90m│[39m  [33moriginal location of error.[39m
[90m│[39m
[33m▲[39m  [43mVite[49m [33m../../widgets/vercel-domains/src/hooks/use-domains.ts (1:0):[39m
[90m│[39m  [33mModule level directives cause errors when bundled, "use client" in[39m
[90m│[39m  [33m"../../widgets/vercel-domains/src/hooks/use-domains.ts" was ignored.[39m
[90m│[39m
[33m▲[39m  [43mVite[49m [33m../../widgets/projects/src/hooks/use-projects.ts (1:0): Error[39m
[90m│[39m  [33mwhen using sourcemap for reporting an error: Can't resolve original[39m
[90m│[39m  [33mlocation of error.[39m
[90m│[39m
[33m▲[39m  [43mVite[49m [33m../../widgets/projects/src/hooks/use-projects.ts (1:0): Module[39m
[90m│[39m  [33mlevel directives cause errors when bundled, "use client" in[39m
[90m│[39m  [33m"../../widgets/projects/src/hooks/use-projects.ts" was ignored.[39m
[90m│[39m
[33m▲[39m  [43mVite[49m [33m../../packages/charts/src/chart.tsx (1:0): Error when using[39m
[90m│[39m  [33msourcemap for reporting an error: Can't resolve original location of[39m
[90m│[39m  [33merror.[39m
[90m│[39m
[33m▲[39m  [43mVite[49m [33m../../packages/charts/src/chart.tsx (1:0): Module level[39m
[90m│[39m  [33mdirectives cause errors when bundled, "use client" in[39m
[90m│[39m  [33m"../../packages/charts/src/chart.tsx" was ignored.[39m
[90m│[39m
[33m▲[39m  [43mVite[49m [33m../../packages/assistant-ui/src/chat/assistant-handoff.tsx (1:0):[39m
[90m│[39m  [33mError when using sourcemap for reporting an error: Can't resolve[39m
[90m│[39m  [33moriginal location of error.[39m
[90m│[39m
[33m▲[39m  [43mVite[49m [33m../../packages/assistant-ui/src/chat/assistant-handoff.tsx (1:0):[39m
[90m│[39m  [33mModule level directives cause errors when bundled, "use client" in[39m
[90m│[39m  [33m"../../packages/assistant-ui/src/chat/assistant-handoff.tsx" was[39m
[90m│[39m  [33mignored.[39m
[90m│[39m
[33m▲[39m  [43mVite[49m [33m../../widgets/npm-downloads/src/hooks/use-package-downloads.ts[39m
[90m│[39m  [33m(1:0): Error when using sourcemap for reporting an error: Can't[39m
[90m│[39m  [33mresolve original location of error.[39m
[90m│[39m
[33m▲[39m  [43mVite[49m [33m../../widgets/npm-downloads/src/hooks/use-package-downloads.ts[39m
[90m│[39m  [33m(1:0): Module level directives cause errors when bundled, "use client"[39m
[90m│[39m  [33min "../../widgets/npm-downloads/src/hooks/use-package-downloads.ts"[39m
[90m│[39m  [33mwas ignored.[39m
[90m│[39m
[33m▲[39m  [43mVite[49m [33m../../widgets/shipping/src/components/shipping-log/index.tsx[39m
[90m│[39m  [33m(1:0): Error when using sourcemap for reporting an error: Can't[39m
[90m│[39m  [33mresolve original location of error.[39m
[90m│[39m
[33m▲[39m  [43mVite[49m [33m../../widgets/shipping/src/components/shipping-log/index.tsx[39m
[90m│[39m  [33m(1:0): Module level directives cause errors when bundled, "use client"[39m
[90m│[39m  [33min "../../widgets/shipping/src/components/shipping-log/index.tsx" was[39m
[90m│[39m  [33mignored.[39m
[90m│[39m
[33m▲[39m  [43mVite[49m [33m../app/modules/settings/store/settings-store.ts (1:0): Error when[39m
[90m│[39m  [33musing sourcemap for reporting an error: Can't resolve original[39m
[90m│[39m  [33mlocation of error.[39m
[90m│[39m
[33m▲[39m  [43mVite[49m [33m../app/modules/settings/store/settings-store.ts (1:0): Module[39m
[90m│[39m  [33mlevel directives cause errors when bundled, "use client" in[39m
[90m│[39m  [33m"../app/modules/settings/store/settings-store.ts" was ignored.[39m
[90m│[39m
[33m▲[39m  [43mVite[49m [33m../app/components/widgets/widget-visual-editor-preview/index.tsx[39m
[90m│[39m  [33m(1:0): Error when using sourcemap for reporting an error: Can't[39m
[90m│[39m  [33mresolve original location of error.[39m
[90m│[39m
[33m▲[39m  [43mVite[49m [33m../app/components/widgets/widget-visual-editor-preview/index.tsx[39m
[90m│[39m  [33m(1:0): Module level directives cause errors when bundled, "use client"[39m
[90m│[39m  [33min "../app/components/widgets/widget-visual-editor-preview/index.tsx"[39m
[90m│[39m  [33mwas ignored.[39m
[90m│[39m
[33m▲[39m  [43mVite[49m [33m../../packages/assistant-ui/src/chat/use-chat-drawer.ts (1:0):[39m
[90m│[39m  [33mError when using sourcemap for reporting an error: Can't resolve[39m
[90m│[39m  [33moriginal location of error.[39m
[90m│[39m
[33m▲[39m  [43mVite[49m [33m../../packages/assistant-ui/src/chat/use-chat-drawer.ts (1:0):[39m
[90m│[39m  [33mModule level directives cause errors when bundled, "use client" in[39m
[90m│[39m  [33m"../../packages/assistant-ui/src/chat/use-chat-drawer.ts" was ignored.[39m
[90m│[39m
[33m▲[39m  [43mVite[49m
[90m│[39m  [33m../../widgets/github-stars/src/config/stars-repositories-section.tsx[39m
[90m│[39m  [33m(1:0): Error when using sourcemap for reporting an error: Can't[39m
[90m│[39m  [33mresolve original location of error.[39m
[90m│[39m
[33m▲[39m  [43mVite[49m
[90m│[39m  [33m../../widgets/github-stars/src/config/stars-repositories-section.tsx[39m
[90m│[39m  [33m(1:0): Module level directives cause errors when bundled, "use client"[39m
[90m│[39m  [33min[39m
[90m│[39m  [33m"../../widgets/github-stars/src/config/stars-repositories-section.tsx"[39m
[90m│[39m  [33mwas ignored.[39m
[90m│[39m
[33m▲[39m  [43mVite[49m [33m../../packages/assistant-ui/src/chat/chat-store.ts (1:0): Error[39m
[90m│[39m  [33mwhen using sourcemap for reporting an error: Can't resolve original[39m
[90m│[39m  [33mlocation of error.[39m
[90m│[39m
[33m▲[39m  [43mVite[49m [33m../../packages/assistant-ui/src/chat/chat-store.ts (1:0): Module[39m
[90m│[39m  [33mlevel directives cause errors when bundled, "use client" in[39m
[90m│[39m  [33m"../../packages/assistant-ui/src/chat/chat-store.ts" was ignored.[39m
[90m│[39m
[33m▲[39m  [43mVite[49m [33m../../packages/widget-engine/src/hooks/use-selected-item.ts[39m
[90m│[39m  [33m(1:0): Error when using sourcemap for reporting an error: Can't[39m
[90m│[39m  [33mresolve original location of error.[39m
[90m│[39m
[33m▲[39m  [43mVite[49m [33m../../packages/widget-engine/src/hooks/use-selected-item.ts[39m
[90m│[39m  [33m(1:0): Module level directives cause errors when bundled, "use client"[39m
[90m│[39m  [33min "../../packages/widget-engine/src/hooks/use-selected-item.ts" was[39m
[90m│[39m  [33mignored.[39m
[90m│[39m
[33m▲[39m  [43mVite[49m
[90m│[39m  [33m../../widgets/github-stars/src/config/github-repo-multi-picker.tsx[39m
[90m│[39m  [33m(1:0): Error when using sourcemap for reporting an error: Can't[39m
[90m│[39m  [33mresolve original location of error.[39m
[90m│[39m
[33m▲[39m  [43mVite[49m
[90m│[39m  [33m../../widgets/github-stars/src/config/github-repo-multi-picker.tsx[39m
[90m│[39m  [33m(1:0): Module level directives cause errors when bundled, "use client"[39m
[90m│[39m  [33min[39m
[90m│[39m  [33m"../../widgets/github-stars/src/config/github-repo-multi-picker.tsx"[39m
[90m│[39m  [33mwas ignored.[39m
[90m│[39m
[33m▲[39m  [43mVite[49m
[90m│[39m  [33m../../node_modules/.pnpm/sonner@2.0.7_react-dom@19.2.4_react@19.2.4__react@19.2.4/node_modules/sonner/dist/index.mjs[39m
[90m│[39m  [33m(1:0): Module level directives cause errors when bundled, "use client"[39m
[90m│[39m  [33min[39m
[90m│[39m  [33m"../../node_modules/.pnpm/sonner@2.0.7_react-dom@19.2.4_react@19.2.4__react@19.2.4/node_modules/sonner/dist/index.mjs"[39m
[90m│[39m  [33mwas ignored.[39m
[90m│[39m
[33m▲[39m  [43mVite[49m
[90m│[39m  [33m../../features/notifications/src/components/notification-dropdown.tsx[39m
[90m│[39m  [33m(1:0): Error when using sourcemap for reporting an error: Can't[39m
[90m│[39m  [33mresolve original location of error.[39m
[90m│[39m
[33m▲[39m  [43mVite[49m
[90m│[39m  [33m../../features/notifications/src/components/notification-dropdown.tsx[39m
[90m│[39m  [33m(1:0): Module level directives cause errors when bundled, "use client"[39m
[90m│[39m  [33min[39m
[90m│[39m  [33m"../../features/notifications/src/components/notification-dropdown.tsx"[39m
[90m│[39m  [33mwas ignored.[39m
[90m│[39m
[33m▲[39m  [43mVite[49m
[90m│[39m  [33m../../features/notifications/src/components/notification-center-view.tsx[39m
[90m│[39m  [33m(1:0): Error when using sourcemap for reporting an error: Can't[39m
[90m│[39m  [33mresolve original location of error.[39m
[90m│[39m
[33m▲[39m  [43mVite[49m
[90m│[39m  [33m../../features/notifications/src/components/notification-center-view.tsx[39m
[90m│[39m  [33m(1:0): Module level directives cause errors when bundled, "use client"[39m
[90m│[39m  [33min[39m
[90m│[39m  [33m"../../features/notifications/src/components/notification-center-view.tsx"[39m
[90m│[39m  [33mwas ignored.[39m
[90m│[39m
[33m▲[39m  [43mVite[49m [33m../../features/notifications/src/components/notification-item.tsx[39m
[90m│[39m  [33m(1:0): Error when using sourcemap for reporting an error: Can't[39m
[90m│[39m  [33mresolve original location of error.[39m
[90m│[39m
[33m▲[39m  [43mVite[49m [33m../../features/notifications/src/components/notification-item.tsx[39m
[90m│[39m  [33m(1:0): Module level directives cause errors when bundled, "use client"[39m
[90m│[39m  [33min "../../features/notifications/src/components/notification-item.tsx"[39m
[90m│[39m  [33mwas ignored.[39m
[90m│[39m
[33m▲[39m  [43mVite[49m
[90m│[39m  [33m../../features/notifications/src/components/notification-panel.tsx[39m
[90m│[39m  [33m(1:0): Error when using sourcemap for reporting an error: Can't[39m
[90m│[39m  [33mresolve original location of error.[39m
[90m│[39m
[33m▲[39m  [43mVite[49m
[90m│[39m  [33m../../features/notifications/src/components/notification-panel.tsx[39m
[90m│[39m  [33m(1:0): Module level directives cause errors when bundled, "use client"[39m
[90m│[39m  [33min[39m
[90m│[39m  [33m"../../features/notifications/src/components/notification-panel.tsx"[39m
[90m│[39m  [33mwas ignored.[39m
[90m│[39m
[33m▲[39m  [43mVite[49m [33m../../packages/hooks/src/use-desktop-notifications.ts (1:0):[39m
[90m│[39m  [33mError when using sourcemap for reporting an error: Can't resolve[39m
[90m│[39m  [33moriginal location of error.[39m
[90m│[39m
[33m▲[39m  [43mVite[49m [33m../../packages/hooks/src/use-desktop-notifications.ts (1:0):[39m
[90m│[39m  [33mModule level directives cause errors when bundled, "use client" in[39m
[90m│[39m  [33m"../../packages/hooks/src/use-desktop-notifications.ts" was ignored.[39m
[90m│[39m
[33m▲[39m  [43mVite[49m [33m../../packages/hooks/src/use-audio-notifications.ts (1:0): Error[39m
[90m│[39m  [33mwhen using sourcemap for reporting an error: Can't resolve original[39m
[90m│[39m  [33mlocation of error.[39m
[90m│[39m
[33m▲[39m  [43mVite[49m [33m../../packages/hooks/src/use-audio-notifications.ts (1:0): Module[39m
[90m│[39m  [33mlevel directives cause errors when bundled, "use client" in[39m
[90m│[39m  [33m"../../packages/hooks/src/use-audio-notifications.ts" was ignored.[39m
[90m│[39m
[33m▲[39m  [43mVite[49m
[90m│[39m  [33m../../features/notifications/src/components/remote-service-icon.tsx[39m
[90m│[39m  [33m(1:0): Error when using sourcemap for reporting an error: Can't[39m
[90m│[39m  [33mresolve original location of error.[39m
[90m│[39m
[33m▲[39m  [43mVite[49m
[90m│[39m  [33m../../features/notifications/src/components/remote-service-icon.tsx[39m
[90m│[39m  [33m(1:0): Module level directives cause errors when bundled, "use client"[39m
[90m│[39m  [33min[39m
[90m│[39m  [33m"../../features/notifications/src/components/remote-service-icon.tsx"[39m
[90m│[39m  [33mwas ignored.[39m
[90m│[39m
[33m▲[39m  [43mVite[49m
[90m│[39m  [33m../../features/onboarding/src/components/onboarding-wizard/step-complete.tsx[39m
[90m│[39m  [33m(1:0): Error when using sourcemap for reporting an error: Can't[39m
[90m│[39m  [33mresolve original location of error.[39m
[90m│[39m
[33m▲[39m  [43mVite[49m
[90m│[39m  [33m../../features/onboarding/src/components/onboarding-wizard/step-complete.tsx[39m
[90m│[39m  [33m(1:0): Module level directives cause errors when bundled, "use client"[39m
[90m│[39m  [33min[39m
[90m│[39m  [33m"../../features/onboarding/src/components/onboarding-wizard/step-complete.tsx"[39m
[90m│[39m  [33mwas ignored.[39m
[90m│[39m
[33m▲[39m  [43mVite[49m
[90m│[39m  [33m../../features/onboarding/src/components/onboarding-wizard/onboarding-progress.tsx[39m
[90m│[39m  [33m(1:0): Error when using sourcemap for reporting an error: Can't[39m
[90m│[39m  [33mresolve original location of error.[39m
[90m│[39m
[33m▲[39m  [43mVite[49m
[90m│[39m  [33m../../features/onboarding/src/components/onboarding-wizard/onboarding-progress.tsx[39m
[90m│[39m  [33m(1:0): Module level directives cause errors when bundled, "use client"[39m
[90m│[39m  [33min[39m
[90m│[39m  [33m"../../features/onboarding/src/components/onboarding-wizard/onboarding-progress.tsx"[39m
[90m│[39m  [33mwas ignored.[39m
[90m│[39m
[33m▲[39m  [43mVite[49m
[90m│[39m  [33m../../features/onboarding/src/components/onboarding-wizard/step-database.tsx[39m
[90m│[39m  [33m(1:0): Error when using sourcemap for reporting an error: Can't[39m
[90m│[39m  [33mresolve original location of error.[39m
[90m│[39m
[33m▲[39m  [43mVite[49m
[90m│[39m  [33m../../features/onboarding/src/components/onboarding-wizard/step-database.tsx[39m
[90m│[39m  [33m(1:0): Module level directives cause errors when bundled, "use client"[39m
[90m│[39m  [33min[39m
[90m│[39m  [33m"../../features/onboarding/src/components/onboarding-wizard/step-database.tsx"[39m
[90m│[39m  [33mwas ignored.[39m
[90m│[39m
[33m▲[39m  [43mVite[49m
[90m│[39m  [33m../../features/onboarding/src/components/onboarding-wizard/step-welcome.tsx[39m
[90m│[39m  [33m(1:0): Error when using sourcemap for reporting an error: Can't[39m
[90m│[39m  [33mresolve original location of error.[39m
[90m│[39m
[33m▲[39m  [43mVite[49m
[90m│[39m  [33m../../features/onboarding/src/components/onboarding-wizard/step-welcome.tsx[39m
[90m│[39m  [33m(1:0): Module level directives cause errors when bundled, "use client"[39m
[90m│[39m  [33min[39m
[90m│[39m  [33m"../../features/onboarding/src/components/onboarding-wizard/step-welcome.tsx"[39m
[90m│[39m  [33mwas ignored.[39m
[90m│[39m
[33m▲[39m  [43mVite[49m
[90m│[39m  [33m../../features/onboarding/src/components/onboarding-wizard/step-profile.tsx[39m
[90m│[39m  [33m(1:0): Error when using sourcemap for reporting an error: Can't[39m
[90m│[39m  [33mresolve original location of error.[39m
[90m│[39m
[33m▲[39m  [43mVite[49m
[90m│[39m  [33m../../features/onboarding/src/components/onboarding-wizard/step-profile.tsx[39m
[90m│[39m  [33m(1:0): Module level directives cause errors when bundled, "use client"[39m
[90m│[39m  [33min[39m
[90m│[39m  [33m"../../features/onboarding/src/components/onboarding-wizard/step-profile.tsx"[39m
[90m│[39m  [33mwas ignored.[39m
[90m│[39m
[33m▲[39m  [43mVite[49m
[90m│[39m  [33m../../features/onboarding/src/components/onboarding-wizard/step-plugins.tsx[39m
[90m│[39m  [33m(1:0): Error when using sourcemap for reporting an error: Can't[39m
[90m│[39m  [33mresolve original location of error.[39m
[90m│[39m
[33m▲[39m  [43mVite[49m
[90m│[39m  [33m../../features/onboarding/src/components/onboarding-wizard/step-plugins.tsx[39m
[90m│[39m  [33m(1:0): Module level directives cause errors when bundled, "use client"[39m
[90m│[39m  [33min[39m
[90m│[39m  [33m"../../features/onboarding/src/components/onboarding-wizard/step-plugins.tsx"[39m
[90m│[39m  [33mwas ignored.[39m
[90m│[39m
[33m▲[39m  [43mVite[49m [33m../../packages/hooks/src/use-notification-stream.ts (1:0): Error[39m
[90m│[39m  [33mwhen using sourcemap for reporting an error: Can't resolve original[39m
[90m│[39m  [33mlocation of error.[39m
[90m│[39m
[33m▲[39m  [43mVite[49m [33m../../packages/hooks/src/use-notification-stream.ts (1:0): Module[39m
[90m│[39m  [33mlevel directives cause errors when bundled, "use client" in[39m
[90m│[39m  [33m"../../packages/hooks/src/use-notification-stream.ts" was ignored.[39m
[90m│[39m
[33m▲[39m  [43mVite[49m [33m../../packages/hooks/src/use-notification-preferences.ts (1:0):[39m
[90m│[39m  [33mError when using sourcemap for reporting an error: Can't resolve[39m
[90m│[39m  [33moriginal location of error.[39m
[90m│[39m
[33m▲[39m  [43mVite[49m [33m../../packages/hooks/src/use-notification-preferences.ts (1:0):[39m
[90m│[39m  [33mModule level directives cause errors when bundled, "use client" in[39m
[90m│[39m  [33m"../../packages/hooks/src/use-notification-preferences.ts" was[39m
[90m│[39m  [33mignored.[39m
[90m│[39m
[33m▲[39m  [43mVite[49m [33m../../packages/hooks/src/use-sse.ts (1:0): Error when using[39m
[90m│[39m  [33msourcemap for reporting an error: Can't resolve original location of[39m
[90m│[39m  [33merror.[39m
[90m│[39m
[33m▲[39m  [43mVite[49m [33m../../packages/hooks/src/use-sse.ts (1:0): Module level[39m
[90m│[39m  [33mdirectives cause errors when bundled, "use client" in[39m
[90m│[39m  [33m"../../packages/hooks/src/use-sse.ts" was ignored.[39m
[90m│[39m  [43mVite[49m [32m✓[39m 3919 modules transformed.
[90m│[39m  [43mVite[49m rendering chunks...
[90m│[39m  [43mVite[49m computing gzip size...
[90m│[39m  [43mVite[49m
[90m│[39m  [2m../../../../../../var/folders/ft/9wjr2qt96211kldqh6_qddl80000gn/T/chromatic--77150-Kz870vJd8Qck/[22m[32miframe.html[39m[1m[2m[22m
[90m│[39m  [2m18.45 kB[22m[1m[22m[2m │ gzip:     5.23 kB[22m
[90m│[39m  [43mVite[49m
[90m│[39m  [2m../../../../../../var/folders/ft/9wjr2qt96211kldqh6_qddl80000gn/T/chromatic--77150-Kz870vJd8Qck/[22m[2massets/[22m[35miframe-D4WXQlvS.css[39m[1m[2m[22m
[90m│[39m  [2m122.98 kB[22m[1m[22m[2m │ gzip:    19.27 kB[22m
[90m│[39m  [43mVite[49m
[90m│[39m  [2m../../../../../../var/folders/ft/9wjr2qt96211kldqh6_qddl80000gn/T/chromatic--77150-Kz870vJd8Qck/[22m[2massets/[22m[36mformatter-EIJCOSYU-DOlecUQu.js[39m[1m[2m[22m
[90m│[39m  [2m0.18 kB[22m[1m[22m[2m │ gzip:     0.17 kB[22m
[90m│[39m  [43mVite[49m
[90m│[39m  [2m../../../../../../var/folders/ft/9wjr2qt96211kldqh6_qddl80000gn/T/chromatic--77150-Kz870vJd8Qck/[22m[2massets/[22m[36mindex-7f5zCr5K.js[39m[1m[2m[22m
[90m│[39m  [2m0.19 kB[22m[1m[22m[2m │ gzip:     0.17 kB[22m
[90m│[39m  [43mVite[49m
[90m│[39m  [2m../../../../../../var/folders/ft/9wjr2qt96211kldqh6_qddl80000gn/T/chromatic--77150-Kz870vJd8Qck/[22m[2massets/[22m[36mclipboard-CCKDQZwL.js[39m[1m[2m[22m
[90m│[39m  [2m0.23 kB[22m[1m[22m[2m │ gzip:     0.18 kB[22m
[90m│[39m  [43mVite[49m
[90m│[39m  [2m../../../../../../var/folders/ft/9wjr2qt96211kldqh6_qddl80000gn/T/chromatic--77150-Kz870vJd8Qck/[22m[2massets/[22m[36mtrash-2-ZxuKiqCo.js[39m[1m[2m[22m
[90m│[39m  [2m0.33 kB[22m[1m[22m[2m │ gzip:     0.22 kB[22m
[90m│[39m  [43mVite[49m
[90m│[39m  [2m../../../../../../var/folders/ft/9wjr2qt96211kldqh6_qddl80000gn/T/chromatic--77150-Kz870vJd8Qck/[22m[2massets/[22m[36mclipboard-Dbdebgf_.js[39m[1m[2m[22m
[90m│[39m  [2m0.44 kB[22m[1m[22m[2m │ gzip:     0.29 kB[22m
[90m│[39m  [43mVite[49m
[90m│[39m  [2m../../../../../../var/folders/ft/9wjr2qt96211kldqh6_qddl80000gn/T/chromatic--77150-Kz870vJd8Qck/[22m[2massets/[22m[36mindex-BKCvTDDe.js[39m[1m[2m[22m
[90m│[39m  [2m0.55 kB[22m[1m[22m[2m │ gzip:     0.35 kB[22m
[90m│[39m  [43mVite[49m
[90m│[39m  [2m../../../../../../var/folders/ft/9wjr2qt96211kldqh6_qddl80000gn/T/chromatic--77150-Kz870vJd8Qck/[22m[2massets/[22m[36mindex-cfFgKZg3.js[39m[1m[2m[22m
[90m│[39m  [2m0.57 kB[22m[1m[22m[2m │ gzip:     0.37 kB[22m
[90m│[39m  [43mVite[49m
[90m│[39m  [2m../../../../../../var/folders/ft/9wjr2qt96211kldqh6_qddl80000gn/T/chromatic--77150-Kz870vJd8Qck/[22m[2massets/[22m[36mlayout-recipe-gallery__basic-3x3.stories.proxy.stories-CEJy6kUZ.js[39m[1m[2m[22m
[90m│[39m  [2m0.62 kB[22m[1m[22m[2m │ gzip:     0.39 kB[22m
[90m│[39m  [43mVite[49m
[90m│[39m  [2m../../../../../../var/folders/ft/9wjr2qt96211kldqh6_qddl80000gn/T/chromatic--77150-Kz870vJd8Qck/[22m[2massets/[22m[36mlayout-recipe-gallery__basic-4x3.stories.proxy.stories-DAa11K6h.js[39m[1m[2m[22m
[90m│[39m  [2m0.62 kB[22m[1m[22m[2m │ gzip:     0.39 kB[22m
[90m│[39m  [43mVite[49m
[90m│[39m  [2m../../../../../../var/folders/ft/9wjr2qt96211kldqh6_qddl80000gn/T/chromatic--77150-Kz870vJd8Qck/[22m[2massets/[22m[36mlayout-recipe-gallery__basic-4x4.stories.proxy.stories-DLiafxWr.js[39m[1m[2m[22m
[90m│[39m  [2m0.62 kB[22m[1m[22m[2m │ gzip:     0.39 kB[22m
[90m│[39m  [43mVite[49m
[90m│[39m  [2m../../../../../../var/folders/ft/9wjr2qt96211kldqh6_qddl80000gn/T/chromatic--77150-Kz870vJd8Qck/[22m[2massets/[22m[36mlayout-recipe-gallery__hero-focus.stories.proxy.stories-JvGq97P7.js[39m[1m[2m[22m
[90m│[39m  [2m0.63 kB[22m[1m[22m[2m │ gzip:     0.39 kB[22m
[90m│[39m  [43mVite[49m
[90m│[39m  [2m../../../../../../var/folders/ft/9wjr2qt96211kldqh6_qddl80000gn/T/chromatic--77150-Kz870vJd8Qck/[22m[2massets/[22m[36mlayout-recipe-gallery__summary-band.stories.proxy.stories-C4b8Ar7p.js[39m[1m[2m[22m
[90m│[39m  [2m0.63 kB[22m[1m[22m[2m │ gzip:     0.39 kB[22m
[90m│[39m  [43mVite[49m
[90m│[39m  [2m../../../../../../var/folders/ft/9wjr2qt96211kldqh6_qddl80000gn/T/chromatic--77150-Kz870vJd8Qck/[22m[2massets/[22m[36mlayout-recipe-gallery__rail-workbench.stories.proxy.stories-BkOhGN1O.js[39m[1m[2m[22m
[90m│[39m  [2m0.64 kB[22m[1m[22m[2m │ gzip:     0.40 kB[22m
[90m│[39m  [43mVite[49m
[90m│[39m  [2m../../../../../../var/folders/ft/9wjr2qt96211kldqh6_qddl80000gn/T/chromatic--77150-Kz870vJd8Qck/[22m[2massets/[22m[36mlayout-recipe-gallery__rail-list-monitor.stories.proxy.stories-DHb0jaDE.js[39m[1m[2m[22m
[90m│[39m  [2m0.64 kB[22m[1m[22m[2m │ gzip:     0.40 kB[22m
[90m│[39m  [43mVite[49m
[90m│[39m  [2m../../../../../../var/folders/ft/9wjr2qt96211kldqh6_qddl80000gn/T/chromatic--77150-Kz870vJd8Qck/[22m[2massets/[22m[36mlayout-recipe-gallery__summary-only-kpis.stories.proxy.stories-GVY8VUDY.js[39m[1m[2m[22m
[90m│[39m  [2m0.64 kB[22m[1m[22m[2m │ gzip:     0.40 kB[22m
[90m│[39m  [43mVite[49m
[90m│[39m  [2m../../../../../../var/folders/ft/9wjr2qt96211kldqh6_qddl80000gn/T/chromatic--77150-Kz870vJd8Qck/[22m[2massets/[22m[36mlayout-recipe-gallery__card-grid-library.stories.proxy.stories-ByWYQdAY.js[39m[1m[2m[22m
[90m│[39m  [2m0.65 kB[22m[1m[22m[2m │ gzip:     0.40 kB[22m
[90m│[39m  [43mVite[49m
[90m│[39m  [2m../../../../../../var/folders/ft/9wjr2qt96211kldqh6_qddl80000gn/T/chromatic--77150-Kz870vJd8Qck/[22m[2massets/[22m[36mlayout-recipe-gallery__summary-list-monitor.stories.proxy.stories-DWVM6vyk.js[39m[1m[2m[22m
[90m│[39m  [2m0.65 kB[22m[1m[22m[2m │ gzip:     0.40 kB[22m
[90m│[39m  [43mVite[49m
[90m│[39m  [2m../../../../../../var/folders/ft/9wjr2qt96211kldqh6_qddl80000gn/T/chromatic--77150-Kz870vJd8Qck/[22m[2massets/[22m[36mlayout-recipe-gallery__summary-content-tabs.stories.proxy.stories-NmTgcTY7.js[39m[1m[2m[22m
[90m│[39m  [2m0.65 kB[22m[1m[22m[2m │ gzip:     0.40 kB[22m
[90m│[39m  [43mVite[49m
[90m│[39m  [2m../../../../../../var/folders/ft/9wjr2qt96211kldqh6_qddl80000gn/T/chromatic--77150-Kz870vJd8Qck/[22m[2massets/[22m[36mlayout-recipe-gallery__content-only-stream.stories.proxy.stories-CQaG9-ri.js[39m[1m[2m[22m
[90m│[39m  [2m0.65 kB[22m[1m[22m[2m │ gzip:     0.40 kB[22m
[90m│[39m  [43mVite[49m
[90m│[39m  [2m../../../../../../var/folders/ft/9wjr2qt96211kldqh6_qddl80000gn/T/chromatic--77150-Kz870vJd8Qck/[22m[2massets/[22m[36mreact-18-PYSEDAWB-B6s9urAc.js[39m[1m[2m[22m
[90m│[39m  [2m0.78 kB[22m[1m[22m[2m │ gzip:     0.47 kB[22m
[90m│[39m  [43mVite[49m
[90m│[39m  [2m../../../../../../var/folders/ft/9wjr2qt96211kldqh6_qddl80000gn/T/chromatic--77150-Kz870vJd8Qck/[22m[2massets/[22m[36mtoggle-group__toggle-group.stories.proxy.stories-Zf1ZLPxE.js[39m[1m[2m[22m
[90m│[39m  [2m0.89 kB[22m[1m[22m[2m │ gzip:     0.45 kB[22m
[90m│[39m  [43mVite[49m
[90m│[39m  [2m../../../../../../var/folders/ft/9wjr2qt96211kldqh6_qddl80000gn/T/chromatic--77150-Kz870vJd8Qck/[22m[2massets/[22m[36mindex-Dh9Yk-8B.js[39m[1m[2m[22m
[90m│[39m  [2m0.91 kB[22m[1m[22m[2m │ gzip:     0.50 kB[22m
[90m│[39m  [43mVite[49m
[90m│[39m  [2m../../../../../../var/folders/ft/9wjr2qt96211kldqh6_qddl80000gn/T/chromatic--77150-Kz870vJd8Qck/[22m[2massets/[22m[36mtop-page-detail.stories.proxy.stories-UzbLEa4v.js[39m[1m[2m[22m
[90m│[39m  [2m0.95 kB[22m[1m[22m[2m │ gzip:     0.54 kB[22m
[90m│[39m  [43mVite[49m
[90m│[39m  [2m../../../../../../var/folders/ft/9wjr2qt96211kldqh6_qddl80000gn/T/chromatic--77150-Kz870vJd8Qck/[22m[2massets/[22m[36mcomponents__compact-project-badge__compact-project-badge.stories.proxy.stories-DBm9b2xk.js[39m[1m[2m[22m
[90m│[39m  [2m0.99 kB[22m[1m[22m[2m │ gzip:     0.52 kB[22m
[90m│[39m  [43mVite[49m
[90m│[39m  [2m../../../../../../var/folders/ft/9wjr2qt96211kldqh6_qddl80000gn/T/chromatic--77150-Kz870vJd8Qck/[22m[2massets/[22m[36mlabel__label.stories.proxy.stories-Be-HRB3H.js[39m[1m[2m[22m
[90m│[39m  [2m1.03 kB[22m[1m[22m[2m │ gzip:     0.51 kB[22m
[90m│[39m  [43mVite[49m
[90m│[39m  [2m../../../../../../var/folders/ft/9wjr2qt96211kldqh6_qddl80000gn/T/chromatic--77150-Kz870vJd8Qck/[22m[2massets/[22m[36mscroll-area__scroll-area.stories.proxy.stories-Bja_ygEU.js[39m[1m[2m[22m
[90m│[39m  [2m1.19 kB[22m[1m[22m[2m │ gzip:     0.59 kB[22m
[90m│[39m  [43mVite[49m
[90m│[39m  [2m../../../../../../var/folders/ft/9wjr2qt96211kldqh6_qddl80000gn/T/chromatic--77150-Kz870vJd8Qck/[22m[2massets/[22m[36mtooltip__tooltip.stories.proxy.stories-CPzzlvXD.js[39m[1m[2m[22m
[90m│[39m  [2m1.20 kB[22m[1m[22m[2m │ gzip:     0.65 kB[22m
[90m│[39m  [43mVite[49m
[90m│[39m  [2m../../../../../../var/folders/ft/9wjr2qt96211kldqh6_qddl80000gn/T/chromatic--77150-Kz870vJd8Qck/[22m[2massets/[22m[36mpreload-helper-PPVm8Dsz.js[39m[1m[2m[22m
[90m│[39m  [2m1.23 kB[22m[1m[22m[2m │ gzip:     0.71 kB[22m
[90m│[39m  [43mVite[49m
[90m│[39m  [2m../../../../../../var/folders/ft/9wjr2qt96211kldqh6_qddl80000gn/T/chromatic--77150-Kz870vJd8Qck/[22m[2massets/[22m[36mcard__card.stories.proxy.stories-3xYpz8DX.js[39m[1m[2m[22m
[90m│[39m  [2m1.31 kB[22m[1m[22m[2m │ gzip:     0.61 kB[22m
[90m│[39m  [43mVite[49m
[90m│[39m  [2m../../../../../../var/folders/ft/9wjr2qt96211kldqh6_qddl80000gn/T/chromatic--77150-Kz870vJd8Qck/[22m[2massets/[22m[36mcomponents__summary-metric-cell__summary-metric-cell.stories.proxy.stories-BMBPvZS7.js[39m[1m[2m[22m
[90m│[39m  [2m1.35 kB[22m[1m[22m[2m │ gzip:     0.68 kB[22m
[90m│[39m  [43mVite[49m
[90m│[39m  [2m../../../../../../var/folders/ft/9wjr2qt96211kldqh6_qddl80000gn/T/chromatic--77150-Kz870vJd8Qck/[22m[2massets/[22m[36mtextarea__textarea.stories.proxy.stories-CznkGK67.js[39m[1m[2m[22m
[90m│[39m  [2m1.38 kB[22m[1m[22m[2m │ gzip:     0.65 kB[22m
[90m│[39m  [43mVite[49m
[90m│[39m  [2m../../../../../../var/folders/ft/9wjr2qt96211kldqh6_qddl80000gn/T/chromatic--77150-Kz870vJd8Qck/[22m[2massets/[22m[36mindex-DfOsAHxZ.js[39m[1m[2m[22m
[90m│[39m  [2m1.39 kB[22m[1m[22m[2m │ gzip:     0.77 kB[22m
[90m│[39m  [43mVite[49m
[90m│[39m  [2m../../../../../../var/folders/ft/9wjr2qt96211kldqh6_qddl80000gn/T/chromatic--77150-Kz870vJd8Qck/[22m[2massets/[22m[36mexample-data-sources-dmUmbNXR.js[39m[1m[2m[22m
[90m│[39m  [2m1.39 kB[22m[1m[22m[2m │ gzip:     0.74 kB[22m
[90m│[39m  [43mVite[49m
[90m│[39m  [2m../../../../../../var/folders/ft/9wjr2qt96211kldqh6_qddl80000gn/T/chromatic--77150-Kz870vJd8Qck/[22m[2massets/[22m[36minput__input.stories.proxy.stories-DvSOyQlN.js[39m[1m[2m[22m
[90m│[39m  [2m1.40 kB[22m[1m[22m[2m │ gzip:     0.66 kB[22m
[90m│[39m  [43mVite[49m
[90m│[39m  [2m../../../../../../var/folders/ft/9wjr2qt96211kldqh6_qddl80000gn/T/chromatic--77150-Kz870vJd8Qck/[22m[2massets/[22m[36mbadge__badge.stories.proxy.stories-De-dP5pP.js[39m[1m[2m[22m
[90m│[39m  [2m1.48 kB[22m[1m[22m[2m │ gzip:     0.63 kB[22m
[90m│[39m  [43mVite[49m
[90m│[39m  [2m../../../../../../var/folders/ft/9wjr2qt96211kldqh6_qddl80000gn/T/chromatic--77150-Kz870vJd8Qck/[22m[2massets/[22m[36mwidget-recipe-rail-list.stories.proxy.stories-DQKrFwLa.js[39m[1m[2m[22m
[90m│[39m  [2m1.56 kB[22m[1m[22m[2m │ gzip:     0.72 kB[22m
[90m│[39m  [43mVite[49m
[90m│[39m  [2m../../../../../../var/folders/ft/9wjr2qt96211kldqh6_qddl80000gn/T/chromatic--77150-Kz870vJd8Qck/[22m[2massets/[22m[36mwidget-recipe-content-only.stories.proxy.stories-BBmdIQgN.js[39m[1m[2m[22m
[90m│[39m  [2m1.59 kB[22m[1m[22m[2m │ gzip:     0.72 kB[22m
[90m│[39m  [43mVite[49m
[90m│[39m  [2m../../../../../../var/folders/ft/9wjr2qt96211kldqh6_qddl80000gn/T/chromatic--77150-Kz870vJd8Qck/[22m[2massets/[22m[36mwidget-recipe-summary-only.stories.proxy.stories-BpYDXwvy.js[39m[1m[2m[22m
[90m│[39m  [2m1.59 kB[22m[1m[22m[2m │ gzip:     0.72 kB[22m
[90m│[39m  [43mVite[49m
[90m│[39m  [2m../../../../../../var/folders/ft/9wjr2qt96211kldqh6_qddl80000gn/T/chromatic--77150-Kz870vJd8Qck/[22m[2massets/[22m[36mwidget-recipe-rail-content.stories.proxy.stories-pj0hVEt5.js[39m[1m[2m[22m
[90m│[39m  [2m1.59 kB[22m[1m[22m[2m │ gzip:     0.72 kB[22m
[90m│[39m  [43mVite[49m
[90m│[39m  [2m../../../../../../var/folders/ft/9wjr2qt96211kldqh6_qddl80000gn/T/chromatic--77150-Kz870vJd8Qck/[22m[2massets/[22m[36mwidget-recipe-summary-list.stories.proxy.stories-DS1etNKM.js[39m[1m[2m[22m
[90m│[39m  [2m1.59 kB[22m[1m[22m[2m │ gzip:     0.72 kB[22m
[90m│[39m  [43mVite[49m
[90m│[39m  [2m../../../../../../var/folders/ft/9wjr2qt96211kldqh6_qddl80000gn/T/chromatic--77150-Kz870vJd8Qck/[22m[2massets/[22m[36mcomponents__headline-stat__headline-stat.stories.proxy.stories-hbaGc57e.js[39m[1m[2m[22m
[90m│[39m  [2m1.60 kB[22m[1m[22m[2m │ gzip:     0.75 kB[22m
[90m│[39m  [43mVite[49m
[90m│[39m  [2m../../../../../../var/folders/ft/9wjr2qt96211kldqh6_qddl80000gn/T/chromatic--77150-Kz870vJd8Qck/[22m[2massets/[22m[36mwidget-recipe-summary-content.stories.proxy.stories-DOvL9vqH.js[39m[1m[2m[22m
[90m│[39m  [2m1.62 kB[22m[1m[22m[2m │ gzip:     0.72 kB[22m
[90m│[39m  [43mVite[49m
[90m│[39m  [2m../../../../../../var/folders/ft/9wjr2qt96211kldqh6_qddl80000gn/T/chromatic--77150-Kz870vJd8Qck/[22m[2massets/[22m[36mskeleton-shimmer__skeleton-shimmer.stories.proxy.stories-BD7fbN8h.js[39m[1m[2m[22m
[90m│[39m  [2m1.64 kB[22m[1m[22m[2m │ gzip:     0.71 kB[22m
[90m│[39m  [43mVite[49m
[90m│[39m  [2m../../../../../../var/folders/ft/9wjr2qt96211kldqh6_qddl80000gn/T/chromatic--77150-Kz870vJd8Qck/[22m[2massets/[22m[36mwidget-recipe-summary-chart-list.stories.proxy.stories-LM2Sjpo3.js[39m[1m[2m[22m
[90m│[39m  [2m1.65 kB[22m[1m[22m[2m │ gzip:     0.74 kB[22m
[90m│[39m  [43mVite[49m
[90m│[39m  [2m../../../../../../var/folders/ft/9wjr2qt96211kldqh6_qddl80000gn/T/chromatic--77150-Kz870vJd8Qck/[22m[2massets/[22m[36mcomponents__compact-activity-chart__compact-activity-chart.stories.proxy.stories-BL6-1AwT.js[39m[1m[2m[22m
[90m│[39m  [2m1.67 kB[22m[1m[22m[2m │ gzip:     0.81 kB[22m
[90m│[39m  [43mVite[49m
[90m│[39m  [2m../../../../../../var/folders/ft/9wjr2qt96211kldqh6_qddl80000gn/T/chromatic--77150-Kz870vJd8Qck/[22m[2massets/[22m[36mcomponents__summary-quad-shell__summary-quad-shell.stories.proxy.stories-D0WrfHpN.js[39m[1m[2m[22m
[90m│[39m  [2m1.71 kB[22m[1m[22m[2m │ gzip:     0.83 kB[22m
[90m│[39m  [43mVite[49m
[90m│[39m  [2m../../../../../../var/folders/ft/9wjr2qt96211kldqh6_qddl80000gn/T/chromatic--77150-Kz870vJd8Qck/[22m[2massets/[22m[36mindex-S9i9i7hG.js[39m[1m[2m[22m
[90m│[39m  [2m2.05 kB[22m[1m[22m[2m │ gzip:     1.03 kB[22m
[90m│[39m  [43mVite[49m
[90m│[39m  [2m../../../../../../var/folders/ft/9wjr2qt96211kldqh6_qddl80000gn/T/chromatic--77150-Kz870vJd8Qck/[22m[2massets/[22m[36mindex-C8fhdMoq.js[39m[1m[2m[22m
[90m│[39m  [2m2.06 kB[22m[1m[22m[2m │ gzip:     1.08 kB[22m
[90m│[39m  [43mVite[49m
[90m│[39m  [2m../../../../../../var/folders/ft/9wjr2qt96211kldqh6_qddl80000gn/T/chromatic--77150-Kz870vJd8Qck/[22m[2massets/[22m[36mindex-CDv4yRgS.js[39m[1m[2m[22m
[90m│[39m  [2m2.10 kB[22m[1m[22m[2m │ gzip:     1.01 kB[22m
[90m│[39m  [43mVite[49m
[90m│[39m  [2m../../../../../../var/folders/ft/9wjr2qt96211kldqh6_qddl80000gn/T/chromatic--77150-Kz870vJd8Qck/[22m[2massets/[22m[36mcomponents__widget-table__widget-table.stories.proxy.stories-Dj41ViFo.js[39m[1m[2m[22m
[90m│[39m  [2m2.15 kB[22m[1m[22m[2m │ gzip:     1.02 kB[22m
[90m│[39m  [43mVite[49m
[90m│[39m  [2m../../../../../../var/folders/ft/9wjr2qt96211kldqh6_qddl80000gn/T/chromatic--77150-Kz870vJd8Qck/[22m[2massets/[22m[36mindex-B6OZVqq9.js[39m[1m[2m[22m
[90m│[39m  [2m2.21 kB[22m[1m[22m[2m │ gzip:     1.08 kB[22m
[90m│[39m  [43mVite[49m
[90m│[39m  [2m../../../../../../var/folders/ft/9wjr2qt96211kldqh6_qddl80000gn/T/chromatic--77150-Kz870vJd8Qck/[22m[2massets/[22m[36mindex-BXtHx86e.js[39m[1m[2m[22m
[90m│[39m  [2m2.30 kB[22m[1m[22m[2m │ gzip:     1.16 kB[22m
[90m│[39m  [43mVite[49m
[90m│[39m  [2m../../../../../../var/folders/ft/9wjr2qt96211kldqh6_qddl80000gn/T/chromatic--77150-Kz870vJd8Qck/[22m[2massets/[22m[36mcomponents__widget-segmented-tabs__widget-segmented-tabs.stories.proxy.stories-BVLJ-gQi.js[39m[1m[2m[22m
[90m│[39m  [2m2.33 kB[22m[1m[22m[2m │ gzip:     1.09 kB[22m
[90m│[39m  [43mVite[49m
[90m│[39m  [2m../../../../../../var/folders/ft/9wjr2qt96211kldqh6_qddl80000gn/T/chromatic--77150-Kz870vJd8Qck/[22m[2massets/[22m[36mcomposed-examples__context-with-detail.stories.proxy.stories-D1lAm_cM.js[39m[1m[2m[22m
[90m│[39m  [2m2.41 kB[22m[1m[22m[2m │ gzip:     1.02 kB[22m
[90m│[39m  [43mVite[49m
[90m│[39m  [2m../../../../../../var/folders/ft/9wjr2qt96211kldqh6_qddl80000gn/T/chromatic--77150-Kz870vJd8Qck/[22m[2massets/[22m[36mindex-C8ve7gH4.js[39m[1m[2m[22m
[90m│[39m  [2m2.42 kB[22m[1m[22m[2m │ gzip:     0.74 kB[22m
[90m│[39m  [43mVite[49m
[90m│[39m  [2m../../../../../../var/folders/ft/9wjr2qt96211kldqh6_qddl80000gn/T/chromatic--77150-Kz870vJd8Qck/[22m[2massets/[22m[36mcomposed-examples__trend-with-leaders.stories.proxy.stories-B7oo6w8J.js[39m[1m[2m[22m
[90m│[39m  [2m2.46 kB[22m[1m[22m[2m │ gzip:     1.05 kB[22m
[90m│[39m  [43mVite[49m
[90m│[39m  [2m../../../../../../var/folders/ft/9wjr2qt96211kldqh6_qddl80000gn/T/chromatic--77150-Kz870vJd8Qck/[22m[2massets/[22m[36mcomponents__inline-list-layout.stories.proxy.stories-D5aq5jmF.js[39m[1m[2m[22m
[90m│[39m  [2m2.47 kB[22m[1m[22m[2m │ gzip:     1.02 kB[22m
[90m│[39m  [43mVite[49m
[90m│[39m  [2m../../../../../../var/folders/ft/9wjr2qt96211kldqh6_qddl80000gn/T/chromatic--77150-Kz870vJd8Qck/[22m[2massets/[22m[36mcomposed-examples__traffic-overview.stories.proxy.stories-CNYKc_Lx.js[39m[1m[2m[22m
[90m│[39m  [2m2.49 kB[22m[1m[22m[2m │ gzip:     1.06 kB[22m
[90m│[39m  [43mVite[49m
[90m│[39m  [2m../../../../../../var/folders/ft/9wjr2qt96211kldqh6_qddl80000gn/T/chromatic--77150-Kz870vJd8Qck/[22m[2massets/[22m[36mempty-state.stories.proxy.stories-ozEqFm4J.js[39m[1m[2m[22m
[90m│[39m  [2m2.58 kB[22m[1m[22m[2m │ gzip:     1.11 kB[22m
[90m│[39m  [43mVite[49m
[90m│[39m  [2m../../../../../../var/folders/ft/9wjr2qt96211kldqh6_qddl80000gn/T/chromatic--77150-Kz870vJd8Qck/[22m[2massets/[22m[36mindex-B3MSf1d0.js[39m[1m[2m[22m
[90m│[39m  [2m2.87 kB[22m[1m[22m[2m │ gzip:     1.31 kB[22m
[90m│[39m  [43mVite[49m
[90m│[39m  [2m../../../../../../var/folders/ft/9wjr2qt96211kldqh6_qddl80000gn/T/chromatic--77150-Kz870vJd8Qck/[22m[2massets/[22m[36mcomposed-examples__unavailable-state.stories.proxy.stories-BM44G3vZ.js[39m[1m[2m[22m
[90m│[39m  [2m2.99 kB[22m[1m[22m[2m │ gzip:     1.29 kB[22m
[90m│[39m  [43mVite[49m
[90m│[39m  [2m../../../../../../var/folders/ft/9wjr2qt96211kldqh6_qddl80000gn/T/chromatic--77150-Kz870vJd8Qck/[22m[2massets/[22m[36muse-plugin-api-0YQvNFFp.js[39m[1m[2m[22m
[90m│[39m  [2m3.01 kB[22m[1m[22m[2m │ gzip:     1.31 kB[22m
[90m│[39m  [43mVite[49m
[90m│[39m  [2m../../../../../../var/folders/ft/9wjr2qt96211kldqh6_qddl80000gn/T/chromatic--77150-Kz870vJd8Qck/[22m[2massets/[22m[36mdialog__dialog.stories.proxy.stories-CO7KxRyT.js[39m[1m[2m[22m
[90m│[39m  [2m3.19 kB[22m[1m[22m[2m │ gzip:     1.08 kB[22m
[90m│[39m  [43mVite[49m
[90m│[39m  [2m../../../../../../var/folders/ft/9wjr2qt96211kldqh6_qddl80000gn/T/chromatic--77150-Kz870vJd8Qck/[22m[2massets/[22m[36mseparator__separator.stories.proxy.stories-CI21FeEh.js[39m[1m[2m[22m
[90m│[39m  [2m3.23 kB[22m[1m[22m[2m │ gzip:     1.28 kB[22m
[90m│[39m  [43mVite[49m
[90m│[39m  [2m../../../../../../var/folders/ft/9wjr2qt96211kldqh6_qddl80000gn/T/chromatic--77150-Kz870vJd8Qck/[22m[2massets/[22m[36mswitch-BLnFUyV9.js[39m[1m[2m[22m
[90m│[39m  [2m3.30 kB[22m[1m[22m[2m │ gzip:     1.51 kB[22m
[90m│[39m  [43mVite[49m
[90m│[39m  [2m../../../../../../var/folders/ft/9wjr2qt96211kldqh6_qddl80000gn/T/chromatic--77150-Kz870vJd8Qck/[22m[2massets/[22m[36minfo-row.stories.proxy.stories-BNMLwng5.js[39m[1m[2m[22m
[90m│[39m  [2m3.50 kB[22m[1m[22m[2m │ gzip:     1.50 kB[22m
[90m│[39m  [43mVite[49m
[90m│[39m  [2m../../../../../../var/folders/ft/9wjr2qt96211kldqh6_qddl80000gn/T/chromatic--77150-Kz870vJd8Qck/[22m[2massets/[22m[36mindex-BsonPNll.js[39m[1m[2m[22m
[90m│[39m  [2m3.58 kB[22m[1m[22m[2m │ gzip:     1.37 kB[22m
[90m│[39m  [43mVite[49m
[90m│[39m  [2m../../../../../../var/folders/ft/9wjr2qt96211kldqh6_qddl80000gn/T/chromatic--77150-Kz870vJd8Qck/[22m[2massets/[22m[36mtabs__tabs.stories.proxy.stories-Dsep9xN1.js[39m[1m[2m[22m
[90m│[39m  [2m3.63 kB[22m[1m[22m[2m │ gzip:     0.72 kB[22m
[90m│[39m  [43mVite[49m
[90m│[39m  [2m../../../../../../var/folders/ft/9wjr2qt96211kldqh6_qddl80000gn/T/chromatic--77150-Kz870vJd8Qck/[22m[2massets/[22m[36mbutton__button.stories.proxy.stories-Cul9Gx6N.js[39m[1m[2m[22m
[90m│[39m  [2m3.75 kB[22m[1m[22m[2m │ gzip:     1.10 kB[22m
[90m│[39m  [43mVite[49m
[90m│[39m  [2m../../../../../../var/folders/ft/9wjr2qt96211kldqh6_qddl80000gn/T/chromatic--77150-Kz870vJd8Qck/[22m[2massets/[22m[36mswitch.stories.proxy.stories-E_PsdA-Q.js[39m[1m[2m[22m
[90m│[39m  [2m3.90 kB[22m[1m[22m[2m │ gzip:     1.14 kB[22m
[90m│[39m  [43mVite[49m
[90m│[39m  [2m../../../../../../var/folders/ft/9wjr2qt96211kldqh6_qddl80000gn/T/chromatic--77150-Kz870vJd8Qck/[22m[2massets/[22m[36mwidget-not-configured__widget-not-configured.stories.proxy.stories-DY3qPpyB.js[39m[1m[2m[22m
[90m│[39m  [2m4.44 kB[22m[1m[22m[2m │ gzip:     1.44 kB[22m
[90m│[39m  [43mVite[49m
[90m│[39m  [2m../../../../../../var/folders/ft/9wjr2qt96211kldqh6_qddl80000gn/T/chromatic--77150-Kz870vJd8Qck/[22m[2massets/[22m[36mindex-BkS8baVA.js[39m[1m[2m[22m
[90m│[39m  [2m5.36 kB[22m[1m[22m[2m │ gzip:     1.34 kB[22m
[90m│[39m  [43mVite[49m
[90m│[39m  [2m../../../../../../var/folders/ft/9wjr2qt96211kldqh6_qddl80000gn/T/chromatic--77150-Kz870vJd8Qck/[22m[2massets/[22m[36mindex-CuWo5Vfg.js[39m[1m[2m[22m
[90m│[39m  [2m6.85 kB[22m[1m[22m[2m │ gzip:     2.45 kB[22m
[90m│[39m  [43mVite[49m
[90m│[39m  [2m../../../../../../var/folders/ft/9wjr2qt96211kldqh6_qddl80000gn/T/chromatic--77150-Kz870vJd8Qck/[22m[2massets/[22m[36mindex-BpDTT3iH.js[39m[1m[2m[22m
[90m│[39m  [2m8.37 kB[22m[1m[22m[2m │ gzip:     2.91 kB[22m
[90m│[39m  [43mVite[49m
[90m│[39m  [2m../../../../../../var/folders/ft/9wjr2qt96211kldqh6_qddl80000gn/T/chromatic--77150-Kz870vJd8Qck/[22m[2massets/[22m[36museHotkey-NoWyCvks.js[39m[1m[2m[22m
[90m│[39m  [2m9.72 kB[22m[1m[22m[2m │ gzip:     3.63 kB[22m
[90m│[39m  [43mVite[49m
[90m│[39m  [2m../../../../../../var/folders/ft/9wjr2qt96211kldqh6_qddl80000gn/T/chromatic--77150-Kz870vJd8Qck/[22m[2massets/[22m[36mselect__select.stories.proxy.stories-DmT413VR.js[39m[1m[2m[22m
[90m│[39m  [2m13.08 kB[22m[1m[22m[2m │ gzip:     2.27 kB[22m
[90m│[39m  [43mVite[49m
[90m│[39m  [2m../../../../../../var/folders/ft/9wjr2qt96211kldqh6_qddl80000gn/T/chromatic--77150-Kz870vJd8Qck/[22m[36mvite-inject-mocker-entry.js[39m[1m[2m[22m
[90m│[39m  [2m28.11 kB[22m[1m[22m[2m │ gzip:     9.82 kB[22m
[90m│[39m  [43mVite[49m
[90m│[39m  [2m../../../../../../var/folders/ft/9wjr2qt96211kldqh6_qddl80000gn/T/chromatic--77150-Kz870vJd8Qck/[22m[2massets/[22m[36mmatchers-5TDFFDYO-HJu_DfWo.js[39m[1m[2m[22m
[90m│[39m  [2m29.23 kB[22m[1m[22m[2m │ gzip:    10.06 kB[22m
[90m│[39m  [43mVite[49m
[90m│[39m  [2m../../../../../../var/folders/ft/9wjr2qt96211kldqh6_qddl80000gn/T/chromatic--77150-Kz870vJd8Qck/[22m[2massets/[22m[36mColor-FRDS63T2-BAUO3jIx.js[39m[1m[2m[22m
[90m│[39m  [2m29.90 kB[22m[1m[22m[2m │ gzip:    11.33 kB[22m
[90m│[39m  [43mVite[49m
[90m│[39m  [2m../../../../../../var/folders/ft/9wjr2qt96211kldqh6_qddl80000gn/T/chromatic--77150-Kz870vJd8Qck/[22m[2massets/[22m[36mWithTooltip-65CFNBJE-DeqAvqwp.js[39m[1m[2m[22m
[90m│[39m  [2m33.00 kB[22m[1m[22m[2m │ gzip:    11.61 kB[22m
[90m│[39m  [43mVite[49m
[90m│[39m  [2m../../../../../../var/folders/ft/9wjr2qt96211kldqh6_qddl80000gn/T/chromatic--77150-Kz870vJd8Qck/[22m[2massets/[22m[36mindex-C0hSjH2_.js[39m[1m[2m[22m
[90m│[39m  [2m49.86 kB[22m[1m[22m[2m │ gzip:    14.51 kB[22m
[90m│[39m  [43mVite[49m
[90m│[39m  [2m../../../../../../var/folders/ft/9wjr2qt96211kldqh6_qddl80000gn/T/chromatic--77150-Kz870vJd8Qck/[22m[2massets/[22m[36mdebug____stories____debug-screens.stories.proxy.stories-DDofBDcC.js[39m[1m[2m[22m
[90m│[39m  [2m53.70 kB[22m[1m[22m[2m │ gzip:    15.36 kB[22m
[90m│[39m  [43mVite[49m
[90m│[39m  [2m../../../../../../var/folders/ft/9wjr2qt96211kldqh6_qddl80000gn/T/chromatic--77150-Kz870vJd8Qck/[22m[2massets/[22m[36msyntaxhighlighter-OH4MV7E3-CkM2QgiL.js[39m[1m[2m[22m
[90m│[39m  [2m78.09 kB[22m[1m[22m[2m │ gzip:    27.37 kB[22m
[90m│[39m  [43mVite[49m
[90m│[39m  [2m../../../../../../var/folders/ft/9wjr2qt96211kldqh6_qddl80000gn/T/chromatic--77150-Kz870vJd8Qck/[22m[2massets/[22m[36mdashboard__dashboard____stories____dashboard-main.stories.proxy.stories-CCdOWRNx.js[39m[1m[2m[22m
[90m│[39m  [2m273.84 kB[22m[1m[22m[2m │ gzip:    75.10 kB[22m
[90m│[39m  [43mVite[49m
[90m│[39m  [2m../../../../../../var/folders/ft/9wjr2qt96211kldqh6_qddl80000gn/T/chromatic--77150-Kz870vJd8Qck/[22m[2massets/[22m[36maxe-C8mf7nOu.js[39m[1m[33m[39m
[90m│[39m  [33m579.70 kB[39m[22m[2m │ gzip:   159.59 kB[22m
[90m│[39m  [43mVite[49m
[90m│[39m  [2m../../../../../../var/folders/ft/9wjr2qt96211kldqh6_qddl80000gn/T/chromatic--77150-Kz870vJd8Qck/[22m[2massets/[22m[36miframe-D-StSzBb.js[39m
[90m│[39m  [36m[39m[1m[33m3,848.67 kB[39m[22m[2m │ gzip: 1,135.61 kB[22m
[90m│[39m
[33m▲[39m  [43mVite[49m[33m
[90m│[39m  (!) Some chunks are larger than 500 kB after minification. Consider:
[90m│[39m  - Using dynamic import() to code-split the application
[90m│[39m  - Use build.rollupOptions.output.manualChunks to improve chunking:
[90m│[39m  ]8;;https://rollupjs.org/configuration-options/#output-manualchunkshttps://rollupjs.org/configuration-options/#output-manualchunks]8;;
[90m│[39m  - Adjust chunk size limit for this warning via
[90m│[39m  build.chunkSizeWarningLimit.[39m
[90m│[39m  [43mVite[49m [32m✓ built in 19.70s[39m
[90m│[39m
[32m◇[39m  Output directory:
[90m│[39m  /var/folders/ft/9wjr2qt96211kldqh6_qddl80000gn/T/chromatic--77150-Kz870vJd8Qck
[90m│[39m
[90m└[39m  Storybook build completed successfully

